courseId,fold,split_seed
02a304e6-2aed-4acf-852e-7668cac5df0e,2,42
03054354-9b05-4be5-bf8d-cd79bbf247ec,4,42
040cb677-7c58-4053-a00b-8dd16d772c5e,4,42
041220d0-21c3-4f7b-8e27-ca87b810f2f0,4,42
047772f6-5452-4924-abe6-1e9a2ed22e47,4,42
04c73a54-de08-41bd-ae53-23f54a207fdf,1,42
06b75511-3a20-42df-9e87-3f190661d14a,0,42
07eaeb96-794b-4dee-b14a-33c2d084150b,3,42
0965fc05-846f-48c0-8907-422b984a704c,3,42
0b90941f-f127-42d8-b68f-b0dd26bc3f4b,0,42
0da45e00-4b82-44a9-8bea-3dfc85f01953,0,42
0ed26b13-486c-470c-9860-36b6b55f923e,3,42
0efe7025-8eec-462a-a3aa-9a9d14480cce,2,42
10c891b9-d612-45c0-9518-e3e5a823cf7d,2,42
11634d8e-bc9d-4cb4-ac20-cdfd16fbf2b9,3,42
1175549d-9719-4349-a765-9ca8130aeb6e,0,42
122a7dfa-0395-452d-b625-481221db8953,4,42
13937779-7b08-4dc9-aff5-13a219dffd60,0,42
1431c910-3887-4e64-ba48-e47f60385c39,3,42
148111c0-9375-49a6-964d-518385461d7e,0,42
151a7f47-b390-4235-8c73-c5916d1659aa,1,42
1689b63f-3d0e-4f58-8ea5-5a9dc9e08a38,2,42
16bf0e47-6768-4e0e-9bcd-de57b2d799c0,4,42
1746dd6c-8bde-4fce-9f9e-aa9ca915eef5,0,42
175ca57b-0ba9-445f-b60a-b9f628980515,0,42
17d726c1-89a4-4bd1-a163-7879ffbfe5e2,1,42
190b1b48-d8d8-4c47-98d2-4518081512b8,0,42
1a807bbc-f946-4af0-92c6-d5feecb0cbf8,4,42
1c87b9e0-8646-4a38-a537-bf9dc4c50c55,1,42
1ce1c89a-8bd0-4328-854f-25415ce28dfd,2,42
1eb3933e-609b-45ad-b02e-8755d2bb7376,2,42
1fedc485-4420-480d-a24f-d1288adc55d6,1,42
203debb5-f923-4520-b35a-f2d5198dcd6d,3,42
213b2948-99d4-4a0e-a90a-0fbab355afbd,3,42
22944e66-f049-44ee-b8e7-1c0a7c0bd242,3,42
230abee8-0309-484a-ab2f-84db9615a4e8,0,42
23823d88-fab8-4740-b68b-039d30ce4975,4,42
24042442-fc90-4438-be62-76fffb2f3145,4,42
249d0a3d-c4ef-4293-bf9c-a6ef850f1888,2,42
258f021c-cbfc-49e3-9fe1-f9e3f429316a,0,42
2623c358-878c-4e38-b3fa-07f4bc89b80f,0,42
269e37f1-dcc3-46b1-b912-06c5ba5acfbf,3,42
2798f54f-5b94-43af-84bf-854b76636ce7,2,42
280e137c-31a4-4830-8868-4553e9c9ab95,1,42
2b3fa638-0c81-40fe-bd37-1032c26d623b,4,42
2b779008-d071-486b-b671-f9d02c8eb664,3,42
2bdd3815-1327-416d-a77e-84e974c71ba0,4,42
2ddaad55-4cf3-437e-a78b-ae5b75b4e85e,2,42
2e415d0e-b682-4ffc-9bdb-4cb8f83ac927,1,42
2ea3bd54-37f8-4dfc-82e0-5b2cd8e27cc6,2,42
2ed92760-99b6-47fd-be37-a1b54969a64f,4,42
2ef5086a-5c0f-4404-a1dc-d2b86643dab4,3,42
2faffb7f-3935-4b37-b54d-e0ae31f96b6d,0,42
2fe50acf-e1f9-4ef0-acb0-e5997245e5f8,2,42
305e769f-0b0e-4067-8571-038fc8b3d54f,3,42
30e99c16-86c2-4245-839e-8105f4c6d5be,3,42
313d287a-2cca-48e1-ad37-ee1c7dc04238,0,42
31bca296-94c1-433e-9a5d-1b7521730a3e,0,42
330a2f5c-6649-4512-bc10-9948b94c482f,1,42
341290fb-6762-4515-b5d8-9e25d7d8488a,3,42
34a4154b-3410-4bdb-9284-af28408d980f,3,42
34f7a74e-5670-4865-94c7-5234aa66e315,4,42
358f4597-6ab7-4f5b-a8ed-5009a58c18e0,2,42
35a7bb56-bcca-407b-a379-14661dc5f6eb,4,42
36940271-c026-4760-b7c2-87f6b839b21e,1,42
36d58f25-198f-42e9-b73f-b811f4a287c6,2,42
381ff4ec-2f94-48cc-889a-191066ef44df,2,42
38b5c0ff-6d50-457f-85cb-a74ecac75815,1,42
38c1b67c-cbe7-4fe7-8c57-a55d0ef25144,0,42
395c0c47-2887-454e-b66d-a15ea5a16b39,3,42
39902daa-010c-4cad-9197-d8fdabee7ff5,4,42
3b137c95-f9da-41a3-a805-e681386d382c,1,42
3c8281fa-bc86-4f51-a8f7-992ed3f0191b,0,42
3d5912a0-5e80-43ac-9ab6-dbeef25b2bca,1,42
3e6d9595-050b-4e0d-9d9e-cd84d95cc35f,3,42
3e91704b-cdda-4bf7-83ff-49fa2050f3aa,0,42
3eb1b284-1dfa-40d4-8a59-dbe952f1065a,1,42
3f0d0b48-be20-458e-a872-0365e23729df,4,42
404cc74a-9794-449a-ae9e-568f59cfe319,1,42
42a753ac-dad5-44bd-9387-77c48c983ff8,1,42
43a64c33-6cb1-42ed-bf99-04c228c2880c,3,42
44812a4f-4e9d-417c-9cfd-9921e2669477,4,42
448b9e09-810f-4554-a083-dd98b608d161,4,42
44b3801b-2c42-4581-b3a2-47d8c80c90a3,0,42
45813b6c-302c-418f-b957-63fb62fd19b1,2,42
46ba3320-ee0e-4993-85d4-d8cc7cafb69b,1,42
4701cfd1-807d-478c-8921-4581d8f4816b,4,42
478addb2-6a87-45fe-a3a3-08e00faed564,1,42
4842c879-c472-4a83-99c2-a8fb04cd1531,3,42
48a31764-7c25-4ed1-b363-e0eb9d59f1ee,0,42
4a0d9e2b-b00e-4d4e-917b-6c0aa4c05c2d,4,42
4c8455ab-23c1-42e0-9027-842531d8ba3f,3,42
4cecf418-e921-4e31-8c95-8ac88cf5a18d,0,42
4d8063ad-3d76-4429-9286-6b40e0cb1587,1,42
4e49a1b4-a4e3-4041-8af0-d45d71ab4a16,3,42
50dc11c8-d44f-495a-9647-5bd782f5953a,4,42
52c2a7a3-6043-4b55-ba33-b10f3fc9ecac,0,42
562be90d-b7fb-4e89-ac5a-1f4fbf6f5f86,1,42
564fb021-97fa-4d80-9c3d-b14660070027,3,42
57a47b80-212c-461c-9d44-9af057227780,0,42
58057642-d473-45b2-aa6c-11db414645b1,3,42
59164481-d5f3-4b01-ac35-6244af7a1dd5,3,42
59ac5797-7b5d-44af-a6d8-6d6b59da2544,2,42
5b6953a9-7833-494b-b5a5-742b6183a4b8,0,42
5b7e9746-012a-4d82-ad24-31c2434b7816,3,42
5b887a2a-7a7d-445c-b349-b594cbff5a80,4,42
5c5bdd9e-ba8b-4595-a4e0-64dd486cd111,4,42
5f6cda53-61c7-4425-9aeb-997463692ed2,4,42
5f8da4bb-0f8f-4bc5-ada6-73fbfd6abd69,2,42
5fc8c184-6a77-4fab-a41f-75fc84430a16,0,42
61edb9c7-da93-40b2-9046-c0fcbdba07ec,4,42
623a2964-2c57-479c-8426-292ead41f75c,4,42
62b65419-2ab1-44a5-b35d-c24e5d9a6528,0,42
62eded1f-3b43-4752-98a6-d5e37f7f1a05,1,42
6389b451-c382-4f12-a190-c3528a179f0a,1,42
638f7f71-e566-4e1a-900e-e8506882844a,2,42
63b91abe-e5d2-4b4c-82fb-4a945097d768,0,42
658c7ee1-bfdf-4666-a1bc-72382ecde307,0,42
66837461-c8b5-472e-865b-ee39d89f2c6c,3,42
68e2af1d-c2ba-4ff1-86a8-dc3f2e862440,1,42
6a085c9c-718f-4d57-afc1-024ad0825f13,1,42
6b721289-4a26-4e3a-b1fa-a072e14a3f34,1,42
6ba87bcf-b53e-41f7-87f8-59f900290d28,2,42
6bd46752-1212-4df7-be56-3009a9610e34,2,42
6c005d28-61f1-4c6c-9425-1954c7949bd3,1,42
6cacb12a-4a42-4b7a-bef6-30fe250c824e,1,42
6cc365a6-c905-414c-8c2c-bb0fe5915e9f,0,42
6d78de36-7d86-40a4-81d5-11b1eecf5464,3,42
6df06e3b-de96-4e28-94cd-0b94de5e9c48,0,42
6e73d625-ea96-4e5a-a0c7-76ee1ba5ff59,1,42
6ef36985-8b88-450a-b15d-cbca7958e0c9,2,42
7069534c-c71a-4998-8f6a-05c2c83887f2,3,42
718b18ea-f89e-490d-a561-5d2ac2fe214c,2,42
71cc8832-0dd3-4dd2-896d-6a160c1cd678,0,42
720d9762-c353-41d1-8933-fe490951e189,0,42
728e394b-83b1-4af6-a140-56d3ceb8faf9,0,42
731075c7-f089-4f97-a1c8-33bf8a02ac8c,0,42
73f6f490-f4ed-4644-b8d3-5b947751d9c8,0,42
74fe45e7-774b-4f37-beb8-803fb0892fc2,1,42
775dd45d-a96e-407b-9ea9-34f961b46c4e,3,42
776ce6c8-f1f8-4746-8068-b5e83263a2a9,2,42
77dba24b-1de0-43e7-b6f0-61514876b051,3,42
78d530ac-3db2-44b1-97ee-f87030fb2484,0,42
7ab7c22a-548d-4c57-92d4-36d1297ed9cd,4,42
7bf5fd63-54ff-4453-b9e9-53708b00b5e3,0,42
7c2b03a1-800c-4e0c-ad0b-72511e6b0242,3,42
7c30e726-c010-46c9-8215-6dd78f8b4780,0,42
7c8b5c40-e5fb-4782-8c90-e1f6ebe7be7b,3,42
7da0aebb-e114-410f-aa76-2c1878f6ee3c,2,42
7e1a57e3-6c91-48f2-8924-2a1e814c49b3,4,42
7e389c1d-5215-401e-baa8-2f1a976c520d,1,42
7e9f4d46-b131-40dc-8556-e2cae8f0788e,0,42
7ed55854-9ef5-4561-bd90-bb7824055385,4,42
7f1d9fb4-1e9c-489a-86e9-ff1f653b942c,0,42
7fa3ac5d-0518-404d-a62b-223285829106,2,42
7fe09bd7-8e9f-4f02-a8fd-5e436113db59,1,42
80025e18-b913-4f35-8f46-da42eff37c37,3,42
81314f17-acf2-48b6-8eb8-dbb86642dbe7,0,42
8148d515-1fec-4ad9-9c49-c7ab59e3892c,0,42
8153e4a8-c7d2-43b1-a447-78a42fc2c5f7,4,42
81b07a6a-d13d-4352-9363-5e784c025796,0,42
826822c3-441b-4eb6-8a0b-7d0d73ff2dba,2,42
84a952ff-42d7-44b9-8e28-598657593193,2,42
854ab1a6-1a0d-4ed0-8660-d7298d45ccab,4,42
8687a886-eef2-48ea-a182-cb907fbfa53b,2,42
86d24df9-50a5-4c06-9430-a211b6bbf395,2,42
86e80a2a-8588-4f2f-ba32-6cb43ca8f876,3,42
87075b1b-9fd1-4a2f-8fcd-80988e10c30e,1,42
8724762a-fe49-49c8-90d0-132947e5a792,1,42
878d39ff-b839-4eb4-8afe-f2e00bcdd288,3,42
888ca8da-0ef1-4eff-812e-01544b42302a,2,42
88f6db3b-d914-45fa-93d4-84ab9cb6eb51,1,42
89a8258b-e4e1-477f-b4b3-cf76951c9bb9,2,42
8a5b501d-4c05-46a6-bd20-09c088d803f1,3,42
8a755be8-4447-40d8-a4dc-570cfac283a3,2,42
8ada9967-ea97-47e5-a7d0-94d51e865927,4,42
8bc1f503-d8bd-41e6-a30f-f621c57734db,2,42
8bcf379b-8f24-4e25-ad0b-be84c7792922,0,42
8c4b185d-70b8-4429-a3bb-bc3482fe16c2,1,42
8c575ea4-ab86-4fed-8019-bd2e8bbcbb0b,2,42
8c9c4ffe-9f34-4111-ab38-14c77684abd8,1,42
8dbe8524-6fbe-4a38-8311-f3d99f988f78,4,42
8e416395-db2d-42c3-843e-c0d0d819005e,4,42
8f158e3c-fe94-400c-a03b-e2c049a9d401,0,42
90df9fe4-6be8-4c7b-9362-ea24aebe8f59,2,42
91b2f5e9-ecf2-4c61-9377-d29d37fb5e77,3,42
929312b9-217e-48d3-9b99-37e69ab894f9,3,42
92ce448b-2a99-42d9-ad24-279b004f36a1,1,42
930e22e8-8ed7-426a-970b-74d31bfacbd8,3,42
93c5b333-e804-4a1c-9194-249681b67e92,0,42
93f17a9a-fd0f-4890-bdd3-7555860f1b9d,4,42
95210bbb-b760-43cc-8810-889654262981,3,42
95c52c78-2446-414a-8379-877bd54b3740,1,42
96642dca-330d-4514-9a2e-6051eaec23be,1,42
96c46175-c164-4fa2-8417-3e7efde4b8e6,3,42
97874356-f6ba-4a04-84b1-4675095ac2b1,4,42
982c03e0-126d-4911-b829-b3f0dbef9e30,2,42
9859ab27-fd40-40ad-9008-f74832130d7d,3,42
9971cdc8-d1dc-4eab-8524-803ba55f77f8,3,42
99ff985d-2f38-4ce5-8c22-b08c3ed04f70,0,42
9a1d3fdd-064e-46d1-a007-16b87efe4212,4,42
9a3527c9-a508-49a1-b95e-d5b0e39b287e,0,42
9ac4fcfa-cd22-4e1d-afc0-d7b75441bc71,2,42
9bd4ec79-1466-4ab9-a3e6-78c773610362,1,42
9c4190ae-2f4c-463d-9e15-35fe3ee6149b,4,42
9c7e5362-8661-4b9d-a839-25b47d3e11c5,1,42
9c881543-6385-43cc-99a1-ccdafe405f8b,3,42
9ce3cf43-5031-49b6-bba0-7bce38fc496a,0,42
9d3c63e4-6f59-4425-8e50-2b63cc01f5c9,2,42
9d83791a-63fc-438c-8372-f530b844ec01,2,42
9dae28fa-4ed6-4862-bf8f-090e9ba8440c,3,42
9dc365c4-5124-4870-97ac-9cb21f0dd7bc,3,42
9ea87026-6601-49eb-87a0-94b586402065,2,42
9f22d886-fd27-4bf3-8d00-c02bdd3e4a82,1,42
9f3130b7-490e-4490-ab60-e17f28cafaea,0,42
9fee5004-2353-4d61-8b92-77e9caada705,4,42
a0b77939-86ee-4ecd-a6b2-715e5c06f5fe,2,42
a102f96c-5087-426c-8aef-8ce6160d5e3e,1,42
a20ce691-9f55-4b73-a97b-1d81d20e9388,3,42
a20cfcab-e10b-4e50-8661-768d6c11e17c,3,42
a3337f68-0300-41a0-9173-008e59ecc6eb,2,42
a386e24c-1ab0-4a04-b257-6394585c37c4,4,42
a4c52c12-d65b-4f2f-86c2-5c500590881a,3,42
a60b9513-3dfc-48bc-9474-5530798c4a7a,1,42
a690f635-bb61-4d82-8c93-271e27df3ff7,3,42
a6bf39fb-f649-4130-a7ee-9b83c116d2b2,3,42
a86c9808-765f-4f39-8c90-f7082db688cd,2,42
a8e70158-b215-44f9-aa0d-18e80f652b2c,4,42
a909d9d9-cc5e-4698-ba55-6098543818fb,4,42
a9adf7bd-a905-490b-9adb-21614d6401b5,3,42
a9dc17c6-bb9c-4584-8195-eb902bcd04ad,3,42
ab5fb9a3-56b3-4080-ba96-9ba6b10510bd,4,42
ac9ea9c2-e757-46d6-a6fc-431894f63cbe,4,42
ae16e345-76cb-4526-a6da-1b72d1c3e387,1,42
b15b6519-4e6e-4404-a0b1-439e0dbc7bbf,0,42
b19480ca-2054-4126-b612-dc8e24949951,0,42
b22e9713-5da6-4f6f-b864-b2a656831f43,0,42
b2b82214-1fce-4025-a063-95440556ee5f,2,42
b2e7bb5b-3333-4413-9770-fa75b1f4def8,1,42
b3154ca0-a114-47ec-926d-770e6b5350f7,4,42
b35dba00-e436-4974-8844-39cad879a16e,1,42
b3686abc-3432-4534-858c-9afcd2376b9d,2,42
b656dd6d-5e6d-494a-a70d-5402b703b37a,0,42
b6cf4d6a-8c55-4ad5-95ca-30c7c3cd637d,2,42
b74d90b7-123f-4106-8c83-aeef3c98d8f2,3,42
b949bb13-9298-4881-bb4c-a62002131f6f,4,42
b9c4c180-2242-46b4-933a-8a3649347d09,0,42
baa3c8ea-e5ff-4339-9035-19579f91bc13,0,42
bacb4c37-72db-4faf-bbfc-6cfb505f2726,2,42
bae6feff-3be9-4517-b777-da1c5b489d91,4,42
bc677534-38cf-44a7-b6a9-9a01811f01c6,1,42
bcf76177-f0f1-422c-b4b2-bd66bf2724e7,2,42
bd79e8e7-286b-4b6e-9829-0bdac82d743b,0,42
be372bea-cc32-4c4a-9301-f88f8a7cca3e,2,42
bebb3ab6-af9e-4bc0-88d4-5887f873b06d,1,42
bfae1ed6-dfa1-41e3-9793-704587b4e8ed,4,42
c0250d95-7edd-4f87-ba8a-992c7f588611,3,42
c08747d0-ca96-4ad6-8674-6622df9c38bf,2,42
c159de98-c346-4434-b90a-36ac1e6cfcbe,2,42
c17b8522-18b7-4d5d-9c4d-7e78685792d8,4,42
c288dda1-9912-4217-bd90-9d829d28b918,2,42
c3dc5a27-f76b-46a3-b9c9-644d35a66baf,1,42
c4709111-5fe5-4c3c-9759-83b589665e13,3,42
c494c3c9-77af-4dc7-a108-a65a83ffe74c,4,42
c49833d2-03b7-4136-b036-aa6c5128be7d,1,42
c4e6b96f-3add-46c8-9d79-dc26c13480e7,4,42
c6d76a8b-4d85-4b1d-9393-5908463ac316,2,42
c744dd15-9566-41a9-b203-5fa564a4c8a2,3,42
c7c4eef0-afc1-4248-8773-cd3922ff30ab,1,42
cca97dba-f3e2-42f5-a1ec-80a50013463f,4,42
cd3052ed-9de9-49c8-a6f5-3db374d3bcfb,3,42
ce9301c9-1a42-440f-b294-bbd0199eefda,2,42
ced1cc60-9cd8-41a9-8c0e-17c88df2081e,0,42
cf1977ac-3c54-4b25-8a6b-8c2e40c5f418,0,42
cffb8f74-3682-434b-a304-9e3a40599b8d,1,42
d00ba7e9-27a5-4cf6-a2f3-b85d25deb7c1,4,42
d12db900-361a-4e08-87db-fc8772572128,1,42
d191532f-e666-4d07-a834-59355a43a688,2,42
d5d9929f-2ad3-4be8-9abb-9b715d288565,1,42
d61825f8-0b3f-4a7d-9dc6-145b54c0c914,0,42
d6cdcc52-a5ad-455b-b8d2-7185d3d6d0e5,3,42
d92ea2d3-bf8b-4ff4-858e-8748fb63f0cd,2,42
d9fda7e9-fdd4-4b79-923f-df7516f1354c,1,42
dabb109a-292c-4030-942d-44395b5ff780,1,42
dafce578-796e-4b13-bdcc-be13d2888c14,3,42
db6f49f2-3c0e-44fe-98c5-35c7a198f599,1,42
dbd63e0e-fc1e-426b-8b91-6f4b0384c051,3,42
dbd88317-32e5-4c68-9e30-8140c4dd447c,0,42
dc0b3001-544d-47e9-891f-4178971526a5,4,42
dc1a8c4e-c8e6-48f0-8ff5-c6a84bc5642d,1,42
dd6dd115-0082-4cb4-8900-0d12039cf6ca,1,42
df775a8c-5f8e-4f3c-a97a-f543f3091e54,2,42
e2aa2d95-2052-49a7-8fa5-deca6d8adbbe,3,42
e45f7f45-d024-4489-97a6-2863f3b4c670,2,42
e4a58e87-5332-4337-9c77-bd3ec2546d4d,2,42
e52c3812-d3c0-462b-9fc5-72682ed5dda3,4,42
e58d8903-194a-46fe-ac65-96c718b04871,2,42
e6182784-3046-466f-9ec5-a12acd71829e,1,42
e62f9833-0b61-4dfa-a925-30adcd8a8860,4,42
e716d7d7-97bd-4131-9cd0-c7948bd787b2,3,42
e7ec4673-b659-40c0-82e9-4c4f02e300bd,3,42
e7ffb43a-d2d3-4720-a4ea-56f271748f39,2,42
e8965a18-1171-457a-b96b-10689a55b9a3,0,42
e8dc7d47-a5ac-4ae5-981e-fd10a19447ba,2,42
e971d1b4-7e46-4488-8080-82ef3b0ec653,1,42
ec4dfd93-77e1-4adc-b351-b840cb41d5d1,1,42
ed0a5e57-60e6-4fec-84a6-d8acd6080468,0,42
ed0ab569-7171-4ca5-ad04-b9dd0ceb23cd,4,42
ed5d435b-b5e0-4f06-9c63-b597963e2733,4,42
edbb82f6-19cc-404c-a8eb-1c6776d4f3f7,1,42
ee566038-4334-4264-943a-65f3bc04488b,2,42
eedefda6-addb-45f5-9eba-623790a145e1,2,42
ef0dd6b5-841f-42fe-b312-d9634fdcbb71,1,42
f045a187-bbc8-4eb2-a738-4e845a27de10,3,42
f090aa86-4902-4b1c-84c1-e1ebe87aa99d,4,42
f11b1f00-6d43-40a4-b163-b65e2a5e5511,1,42
f2fccc16-4452-4b14-8443-7e5d8277c30b,0,42
f34e5f6b-7678-4047-b666-d484c91bfa17,0,42
f3689d06-0c9d-4b7a-b7a5-c34f87910c5f,4,42
f5ae6fdd-82a6-48b1-b5a8-39aebaa9315c,3,42
f6f592ed-74c0-4d0b-92f1-0edf1933cd5b,4,42
f7047a5d-8264-4bdc-a215-a6de4fbda013,4,42
f7ba54ba-3e57-49b3-885f-acc1256a7825,4,42
f90481a9-6fa8-4037-b9c3-aa2cc1d4078c,0,42
fa124ebb-efa9-44ba-b5f3-d0327790986e,0,42
fa9c96d3-82fb-4b7e-a1e6-37a7a2088ed9,4,42
fb9b38f9-97db-4041-97b8-5019307c8590,3,42
fbf16a25-cf75-4dd5-a6a1-1e9b189d47d1,2,42
fc254073-a4cc-4866-9e19-01078ed2682c,1,42
fc5044a3-bde5-4f88-9f71-179cee40d35c,2,42
fcdaa1f1-2edc-4fed-8a74-e8571c70e034,4,42
fd3ccc65-48ef-4ee9-b02f-f385988a6cb9,2,42
fd646558-0d80-4de4-909c-e2e5c0a5a6c0,4,42
fd87ec68-05e8-432a-8dc8-ad47ed2a4c43,3,42
fe322528-0046-40cc-a6b0-5e696d61f4b4,2,42
ff787e47-37a0-4eb6-8801-862010a4da9c,3,42
ffa5b5e7-f015-43c3-82e2-972931eb0b3c,4,42
ffe389e1-658d-4f6a-a971-11d1de4fe608,3,42
