courseId,repetition,training_size,subset_seed
02a304e6-2aed-4acf-852e-7668cac5df0e,0,270,42
03054354-9b05-4be5-bf8d-cd79bbf247ec,0,270,42
040cb677-7c58-4053-a00b-8dd16d772c5e,0,270,42
047772f6-5452-4924-abe6-1e9a2ed22e47,0,270,42
06b75511-3a20-42df-9e87-3f190661d14a,0,270,42
07eaeb96-794b-4dee-b14a-33c2d084150b,0,270,42
0965fc05-846f-48c0-8907-422b984a704c,0,270,42
0da45e00-4b82-44a9-8bea-3dfc85f01953,0,270,42
0ed26b13-486c-470c-9860-36b6b55f923e,0,270,42
0efe7025-8eec-462a-a3aa-9a9d14480cce,0,270,42
10c891b9-d612-45c0-9518-e3e5a823cf7d,0,270,42
11634d8e-bc9d-4cb4-ac20-cdfd16fbf2b9,0,270,42
1175549d-9719-4349-a765-9ca8130aeb6e,0,270,42
13937779-7b08-4dc9-aff5-13a219dffd60,0,270,42
1431c910-3887-4e64-ba48-e47f60385c39,0,270,42
148111c0-9375-49a6-964d-518385461d7e,0,270,42
151a7f47-b390-4235-8c73-c5916d1659aa,0,270,42
1689b63f-3d0e-4f58-8ea5-5a9dc9e08a38,0,270,42
16bf0e47-6768-4e0e-9bcd-de57b2d799c0,0,270,42
1746dd6c-8bde-4fce-9f9e-aa9ca915eef5,0,270,42
175ca57b-0ba9-445f-b60a-b9f628980515,0,270,42
190b1b48-d8d8-4c47-98d2-4518081512b8,0,270,42
1a807bbc-f946-4af0-92c6-d5feecb0cbf8,0,270,42
1c87b9e0-8646-4a38-a537-bf9dc4c50c55,0,270,42
1ce1c89a-8bd0-4328-854f-25415ce28dfd,0,270,42
1eb3933e-609b-45ad-b02e-8755d2bb7376,0,270,42
1fedc485-4420-480d-a24f-d1288adc55d6,0,270,42
203debb5-f923-4520-b35a-f2d5198dcd6d,0,270,42
22944e66-f049-44ee-b8e7-1c0a7c0bd242,0,270,42
230abee8-0309-484a-ab2f-84db9615a4e8,0,270,42
23823d88-fab8-4740-b68b-039d30ce4975,0,270,42
24042442-fc90-4438-be62-76fffb2f3145,0,270,42
249d0a3d-c4ef-4293-bf9c-a6ef850f1888,0,270,42
258f021c-cbfc-49e3-9fe1-f9e3f429316a,0,270,42
2623c358-878c-4e38-b3fa-07f4bc89b80f,0,270,42
269e37f1-dcc3-46b1-b912-06c5ba5acfbf,0,270,42
280e137c-31a4-4830-8868-4553e9c9ab95,0,270,42
2b3fa638-0c81-40fe-bd37-1032c26d623b,0,270,42
2ddaad55-4cf3-437e-a78b-ae5b75b4e85e,0,270,42
2e415d0e-b682-4ffc-9bdb-4cb8f83ac927,0,270,42
2ea3bd54-37f8-4dfc-82e0-5b2cd8e27cc6,0,270,42
2ed92760-99b6-47fd-be37-a1b54969a64f,0,270,42
2ef5086a-5c0f-4404-a1dc-d2b86643dab4,0,270,42
2faffb7f-3935-4b37-b54d-e0ae31f96b6d,0,270,42
2fe50acf-e1f9-4ef0-acb0-e5997245e5f8,0,270,42
305e769f-0b0e-4067-8571-038fc8b3d54f,0,270,42
313d287a-2cca-48e1-ad37-ee1c7dc04238,0,270,42
330a2f5c-6649-4512-bc10-9948b94c482f,0,270,42
341290fb-6762-4515-b5d8-9e25d7d8488a,0,270,42
34a4154b-3410-4bdb-9284-af28408d980f,0,270,42
34f7a74e-5670-4865-94c7-5234aa66e315,0,270,42
358f4597-6ab7-4f5b-a8ed-5009a58c18e0,0,270,42
36940271-c026-4760-b7c2-87f6b839b21e,0,270,42
36d58f25-198f-42e9-b73f-b811f4a287c6,0,270,42
38b5c0ff-6d50-457f-85cb-a74ecac75815,0,270,42
38c1b67c-cbe7-4fe7-8c57-a55d0ef25144,0,270,42
395c0c47-2887-454e-b66d-a15ea5a16b39,0,270,42
39902daa-010c-4cad-9197-d8fdabee7ff5,0,270,42
3b137c95-f9da-41a3-a805-e681386d382c,0,270,42
3e6d9595-050b-4e0d-9d9e-cd84d95cc35f,0,270,42
3e91704b-cdda-4bf7-83ff-49fa2050f3aa,0,270,42
42a753ac-dad5-44bd-9387-77c48c983ff8,0,270,42
43a64c33-6cb1-42ed-bf99-04c228c2880c,0,270,42
44812a4f-4e9d-417c-9cfd-9921e2669477,0,270,42
44b3801b-2c42-4581-b3a2-47d8c80c90a3,0,270,42
46ba3320-ee0e-4993-85d4-d8cc7cafb69b,0,270,42
4701cfd1-807d-478c-8921-4581d8f4816b,0,270,42
478addb2-6a87-45fe-a3a3-08e00faed564,0,270,42
4842c879-c472-4a83-99c2-a8fb04cd1531,0,270,42
48a31764-7c25-4ed1-b363-e0eb9d59f1ee,0,270,42
4a0d9e2b-b00e-4d4e-917b-6c0aa4c05c2d,0,270,42
4c8455ab-23c1-42e0-9027-842531d8ba3f,0,270,42
4cecf418-e921-4e31-8c95-8ac88cf5a18d,0,270,42
4d8063ad-3d76-4429-9286-6b40e0cb1587,0,270,42
50dc11c8-d44f-495a-9647-5bd782f5953a,0,270,42
52c2a7a3-6043-4b55-ba33-b10f3fc9ecac,0,270,42
562be90d-b7fb-4e89-ac5a-1f4fbf6f5f86,0,270,42
564fb021-97fa-4d80-9c3d-b14660070027,0,270,42
57a47b80-212c-461c-9d44-9af057227780,0,270,42
58057642-d473-45b2-aa6c-11db414645b1,0,270,42
59ac5797-7b5d-44af-a6d8-6d6b59da2544,0,270,42
5b6953a9-7833-494b-b5a5-742b6183a4b8,0,270,42
5b7e9746-012a-4d82-ad24-31c2434b7816,0,270,42
5b887a2a-7a7d-445c-b349-b594cbff5a80,0,270,42
5c5bdd9e-ba8b-4595-a4e0-64dd486cd111,0,270,42
5f6cda53-61c7-4425-9aeb-997463692ed2,0,270,42
62b65419-2ab1-44a5-b35d-c24e5d9a6528,0,270,42
638f7f71-e566-4e1a-900e-e8506882844a,0,270,42
658c7ee1-bfdf-4666-a1bc-72382ecde307,0,270,42
68e2af1d-c2ba-4ff1-86a8-dc3f2e862440,0,270,42
6a085c9c-718f-4d57-afc1-024ad0825f13,0,270,42
6b721289-4a26-4e3a-b1fa-a072e14a3f34,0,270,42
6ba87bcf-b53e-41f7-87f8-59f900290d28,0,270,42
6bd46752-1212-4df7-be56-3009a9610e34,0,270,42
6c005d28-61f1-4c6c-9425-1954c7949bd3,0,270,42
6cacb12a-4a42-4b7a-bef6-30fe250c824e,0,270,42
6d78de36-7d86-40a4-81d5-11b1eecf5464,0,270,42
6df06e3b-de96-4e28-94cd-0b94de5e9c48,0,270,42
6e73d625-ea96-4e5a-a0c7-76ee1ba5ff59,0,270,42
6ef36985-8b88-450a-b15d-cbca7958e0c9,0,270,42
7069534c-c71a-4998-8f6a-05c2c83887f2,0,270,42
71cc8832-0dd3-4dd2-896d-6a160c1cd678,0,270,42
720d9762-c353-41d1-8933-fe490951e189,0,270,42
728e394b-83b1-4af6-a140-56d3ceb8faf9,0,270,42
731075c7-f089-4f97-a1c8-33bf8a02ac8c,0,270,42
73f6f490-f4ed-4644-b8d3-5b947751d9c8,0,270,42
74fe45e7-774b-4f37-beb8-803fb0892fc2,0,270,42
775dd45d-a96e-407b-9ea9-34f961b46c4e,0,270,42
77dba24b-1de0-43e7-b6f0-61514876b051,0,270,42
78d530ac-3db2-44b1-97ee-f87030fb2484,0,270,42
7ab7c22a-548d-4c57-92d4-36d1297ed9cd,0,270,42
7c2b03a1-800c-4e0c-ad0b-72511e6b0242,0,270,42
7c8b5c40-e5fb-4782-8c90-e1f6ebe7be7b,0,270,42
7da0aebb-e114-410f-aa76-2c1878f6ee3c,0,270,42
7e1a57e3-6c91-48f2-8924-2a1e814c49b3,0,270,42
7e389c1d-5215-401e-baa8-2f1a976c520d,0,270,42
7e9f4d46-b131-40dc-8556-e2cae8f0788e,0,270,42
7ed55854-9ef5-4561-bd90-bb7824055385,0,270,42
7fa3ac5d-0518-404d-a62b-223285829106,0,270,42
7fe09bd7-8e9f-4f02-a8fd-5e436113db59,0,270,42
80025e18-b913-4f35-8f46-da42eff37c37,0,270,42
81314f17-acf2-48b6-8eb8-dbb86642dbe7,0,270,42
8148d515-1fec-4ad9-9c49-c7ab59e3892c,0,270,42
8153e4a8-c7d2-43b1-a447-78a42fc2c5f7,0,270,42
81b07a6a-d13d-4352-9363-5e784c025796,0,270,42
826822c3-441b-4eb6-8a0b-7d0d73ff2dba,0,270,42
84a952ff-42d7-44b9-8e28-598657593193,0,270,42
854ab1a6-1a0d-4ed0-8660-d7298d45ccab,0,270,42
8687a886-eef2-48ea-a182-cb907fbfa53b,0,270,42
86e80a2a-8588-4f2f-ba32-6cb43ca8f876,0,270,42
8724762a-fe49-49c8-90d0-132947e5a792,0,270,42
878d39ff-b839-4eb4-8afe-f2e00bcdd288,0,270,42
888ca8da-0ef1-4eff-812e-01544b42302a,0,270,42
88f6db3b-d914-45fa-93d4-84ab9cb6eb51,0,270,42
89a8258b-e4e1-477f-b4b3-cf76951c9bb9,0,270,42
8a5b501d-4c05-46a6-bd20-09c088d803f1,0,270,42
8a755be8-4447-40d8-a4dc-570cfac283a3,0,270,42
8bcf379b-8f24-4e25-ad0b-be84c7792922,0,270,42
8c4b185d-70b8-4429-a3bb-bc3482fe16c2,0,270,42
8c575ea4-ab86-4fed-8019-bd2e8bbcbb0b,0,270,42
8dbe8524-6fbe-4a38-8311-f3d99f988f78,0,270,42
8f158e3c-fe94-400c-a03b-e2c049a9d401,0,270,42
90df9fe4-6be8-4c7b-9362-ea24aebe8f59,0,270,42
929312b9-217e-48d3-9b99-37e69ab894f9,0,270,42
92ce448b-2a99-42d9-ad24-279b004f36a1,0,270,42
930e22e8-8ed7-426a-970b-74d31bfacbd8,0,270,42
93c5b333-e804-4a1c-9194-249681b67e92,0,270,42
93f17a9a-fd0f-4890-bdd3-7555860f1b9d,0,270,42
95210bbb-b760-43cc-8810-889654262981,0,270,42
95c52c78-2446-414a-8379-877bd54b3740,0,270,42
96642dca-330d-4514-9a2e-6051eaec23be,0,270,42
96c46175-c164-4fa2-8417-3e7efde4b8e6,0,270,42
9859ab27-fd40-40ad-9008-f74832130d7d,0,270,42
9971cdc8-d1dc-4eab-8524-803ba55f77f8,0,270,42
9a1d3fdd-064e-46d1-a007-16b87efe4212,0,270,42
9a3527c9-a508-49a1-b95e-d5b0e39b287e,0,270,42
9c4190ae-2f4c-463d-9e15-35fe3ee6149b,0,270,42
9c7e5362-8661-4b9d-a839-25b47d3e11c5,0,270,42
9c881543-6385-43cc-99a1-ccdafe405f8b,0,270,42
9ce3cf43-5031-49b6-bba0-7bce38fc496a,0,270,42
9d3c63e4-6f59-4425-8e50-2b63cc01f5c9,0,270,42
9dae28fa-4ed6-4862-bf8f-090e9ba8440c,0,270,42
9ea87026-6601-49eb-87a0-94b586402065,0,270,42
9f22d886-fd27-4bf3-8d00-c02bdd3e4a82,0,270,42
9f3130b7-490e-4490-ab60-e17f28cafaea,0,270,42
9fee5004-2353-4d61-8b92-77e9caada705,0,270,42
a0b77939-86ee-4ecd-a6b2-715e5c06f5fe,0,270,42
a102f96c-5087-426c-8aef-8ce6160d5e3e,0,270,42
a20ce691-9f55-4b73-a97b-1d81d20e9388,0,270,42
a20cfcab-e10b-4e50-8661-768d6c11e17c,0,270,42
a3337f68-0300-41a0-9173-008e59ecc6eb,0,270,42
a386e24c-1ab0-4a04-b257-6394585c37c4,0,270,42
a60b9513-3dfc-48bc-9474-5530798c4a7a,0,270,42
a690f635-bb61-4d82-8c93-271e27df3ff7,0,270,42
a6bf39fb-f649-4130-a7ee-9b83c116d2b2,0,270,42
a86c9808-765f-4f39-8c90-f7082db688cd,0,270,42
a8e70158-b215-44f9-aa0d-18e80f652b2c,0,270,42
a909d9d9-cc5e-4698-ba55-6098543818fb,0,270,42
a9adf7bd-a905-490b-9adb-21614d6401b5,0,270,42
a9dc17c6-bb9c-4584-8195-eb902bcd04ad,0,270,42
ab5fb9a3-56b3-4080-ba96-9ba6b10510bd,0,270,42
ac9ea9c2-e757-46d6-a6fc-431894f63cbe,0,270,42
ae16e345-76cb-4526-a6da-1b72d1c3e387,0,270,42
b15b6519-4e6e-4404-a0b1-439e0dbc7bbf,0,270,42
b19480ca-2054-4126-b612-dc8e24949951,0,270,42
b22e9713-5da6-4f6f-b864-b2a656831f43,0,270,42
b2e7bb5b-3333-4413-9770-fa75b1f4def8,0,270,42
b3154ca0-a114-47ec-926d-770e6b5350f7,0,270,42
b35dba00-e436-4974-8844-39cad879a16e,0,270,42
b3686abc-3432-4534-858c-9afcd2376b9d,0,270,42
b656dd6d-5e6d-494a-a70d-5402b703b37a,0,270,42
b6cf4d6a-8c55-4ad5-95ca-30c7c3cd637d,0,270,42
b74d90b7-123f-4106-8c83-aeef3c98d8f2,0,270,42
b949bb13-9298-4881-bb4c-a62002131f6f,0,270,42
baa3c8ea-e5ff-4339-9035-19579f91bc13,0,270,42
bacb4c37-72db-4faf-bbfc-6cfb505f2726,0,270,42
bae6feff-3be9-4517-b777-da1c5b489d91,0,270,42
bc677534-38cf-44a7-b6a9-9a01811f01c6,0,270,42
bcf76177-f0f1-422c-b4b2-bd66bf2724e7,0,270,42
bd79e8e7-286b-4b6e-9829-0bdac82d743b,0,270,42
be372bea-cc32-4c4a-9301-f88f8a7cca3e,0,270,42
bebb3ab6-af9e-4bc0-88d4-5887f873b06d,0,270,42
bfae1ed6-dfa1-41e3-9793-704587b4e8ed,0,270,42
c0250d95-7edd-4f87-ba8a-992c7f588611,0,270,42
c08747d0-ca96-4ad6-8674-6622df9c38bf,0,270,42
c159de98-c346-4434-b90a-36ac1e6cfcbe,0,270,42
c17b8522-18b7-4d5d-9c4d-7e78685792d8,0,270,42
c3dc5a27-f76b-46a3-b9c9-644d35a66baf,0,270,42
c4709111-5fe5-4c3c-9759-83b589665e13,0,270,42
c494c3c9-77af-4dc7-a108-a65a83ffe74c,0,270,42
c49833d2-03b7-4136-b036-aa6c5128be7d,0,270,42
c4e6b96f-3add-46c8-9d79-dc26c13480e7,0,270,42
c6d76a8b-4d85-4b1d-9393-5908463ac316,0,270,42
c744dd15-9566-41a9-b203-5fa564a4c8a2,0,270,42
c7c4eef0-afc1-4248-8773-cd3922ff30ab,0,270,42
cca97dba-f3e2-42f5-a1ec-80a50013463f,0,270,42
cd3052ed-9de9-49c8-a6f5-3db374d3bcfb,0,270,42
ce9301c9-1a42-440f-b294-bbd0199eefda,0,270,42
ced1cc60-9cd8-41a9-8c0e-17c88df2081e,0,270,42
cf1977ac-3c54-4b25-8a6b-8c2e40c5f418,0,270,42
d00ba7e9-27a5-4cf6-a2f3-b85d25deb7c1,0,270,42
d12db900-361a-4e08-87db-fc8772572128,0,270,42
d191532f-e666-4d07-a834-59355a43a688,0,270,42
d5d9929f-2ad3-4be8-9abb-9b715d288565,0,270,42
d6cdcc52-a5ad-455b-b8d2-7185d3d6d0e5,0,270,42
d92ea2d3-bf8b-4ff4-858e-8748fb63f0cd,0,270,42
d9fda7e9-fdd4-4b79-923f-df7516f1354c,0,270,42
dabb109a-292c-4030-942d-44395b5ff780,0,270,42
dafce578-796e-4b13-bdcc-be13d2888c14,0,270,42
dbd63e0e-fc1e-426b-8b91-6f4b0384c051,0,270,42
dbd88317-32e5-4c68-9e30-8140c4dd447c,0,270,42
dc0b3001-544d-47e9-891f-4178971526a5,0,270,42
dc1a8c4e-c8e6-48f0-8ff5-c6a84bc5642d,0,270,42
dd6dd115-0082-4cb4-8900-0d12039cf6ca,0,270,42
df775a8c-5f8e-4f3c-a97a-f543f3091e54,0,270,42
e45f7f45-d024-4489-97a6-2863f3b4c670,0,270,42
e4a58e87-5332-4337-9c77-bd3ec2546d4d,0,270,42
e52c3812-d3c0-462b-9fc5-72682ed5dda3,0,270,42
e58d8903-194a-46fe-ac65-96c718b04871,0,270,42
e6182784-3046-466f-9ec5-a12acd71829e,0,270,42
e62f9833-0b61-4dfa-a925-30adcd8a8860,0,270,42
e716d7d7-97bd-4131-9cd0-c7948bd787b2,0,270,42
e7ffb43a-d2d3-4720-a4ea-56f271748f39,0,270,42
e8965a18-1171-457a-b96b-10689a55b9a3,0,270,42
e8dc7d47-a5ac-4ae5-981e-fd10a19447ba,0,270,42
e971d1b4-7e46-4488-8080-82ef3b0ec653,0,270,42
ed0a5e57-60e6-4fec-84a6-d8acd6080468,0,270,42
ed0ab569-7171-4ca5-ad04-b9dd0ceb23cd,0,270,42
ed5d435b-b5e0-4f06-9c63-b597963e2733,0,270,42
edbb82f6-19cc-404c-a8eb-1c6776d4f3f7,0,270,42
ee566038-4334-4264-943a-65f3bc04488b,0,270,42
eedefda6-addb-45f5-9eba-623790a145e1,0,270,42
ef0dd6b5-841f-42fe-b312-d9634fdcbb71,0,270,42
f045a187-bbc8-4eb2-a738-4e845a27de10,0,270,42
f090aa86-4902-4b1c-84c1-e1ebe87aa99d,0,270,42
f11b1f00-6d43-40a4-b163-b65e2a5e5511,0,270,42
f5ae6fdd-82a6-48b1-b5a8-39aebaa9315c,0,270,42
f7047a5d-8264-4bdc-a215-a6de4fbda013,0,270,42
f7ba54ba-3e57-49b3-885f-acc1256a7825,0,270,42
f90481a9-6fa8-4037-b9c3-aa2cc1d4078c,0,270,42
fa124ebb-efa9-44ba-b5f3-d0327790986e,0,270,42
fa9c96d3-82fb-4b7e-a1e6-37a7a2088ed9,0,270,42
fb9b38f9-97db-4041-97b8-5019307c8590,0,270,42
fc5044a3-bde5-4f88-9f71-179cee40d35c,0,270,42
fd3ccc65-48ef-4ee9-b02f-f385988a6cb9,0,270,42
fd646558-0d80-4de4-909c-e2e5c0a5a6c0,0,270,42
fe322528-0046-40cc-a6b0-5e696d61f4b4,0,270,42
ff787e47-37a0-4eb6-8801-862010a4da9c,0,270,42
ffa5b5e7-f015-43c3-82e2-972931eb0b3c,0,270,42
ffe389e1-658d-4f6a-a971-11d1de4fe608,0,270,42
02a304e6-2aed-4acf-852e-7668cac5df0e,0,135,42
03054354-9b05-4be5-bf8d-cd79bbf247ec,0,135,42
040cb677-7c58-4053-a00b-8dd16d772c5e,0,135,42
047772f6-5452-4924-abe6-1e9a2ed22e47,0,135,42
0da45e00-4b82-44a9-8bea-3dfc85f01953,0,135,42
0ed26b13-486c-470c-9860-36b6b55f923e,0,135,42
0efe7025-8eec-462a-a3aa-9a9d14480cce,0,135,42
11634d8e-bc9d-4cb4-ac20-cdfd16fbf2b9,0,135,42
1175549d-9719-4349-a765-9ca8130aeb6e,0,135,42
13937779-7b08-4dc9-aff5-13a219dffd60,0,135,42
148111c0-9375-49a6-964d-518385461d7e,0,135,42
1689b63f-3d0e-4f58-8ea5-5a9dc9e08a38,0,135,42
1746dd6c-8bde-4fce-9f9e-aa9ca915eef5,0,135,42
175ca57b-0ba9-445f-b60a-b9f628980515,0,135,42
190b1b48-d8d8-4c47-98d2-4518081512b8,0,135,42
1a807bbc-f946-4af0-92c6-d5feecb0cbf8,0,135,42
1c87b9e0-8646-4a38-a537-bf9dc4c50c55,0,135,42
1eb3933e-609b-45ad-b02e-8755d2bb7376,0,135,42
203debb5-f923-4520-b35a-f2d5198dcd6d,0,135,42
230abee8-0309-484a-ab2f-84db9615a4e8,0,135,42
23823d88-fab8-4740-b68b-039d30ce4975,0,135,42
24042442-fc90-4438-be62-76fffb2f3145,0,135,42
258f021c-cbfc-49e3-9fe1-f9e3f429316a,0,135,42
2623c358-878c-4e38-b3fa-07f4bc89b80f,0,135,42
280e137c-31a4-4830-8868-4553e9c9ab95,0,135,42
2b3fa638-0c81-40fe-bd37-1032c26d623b,0,135,42
2ea3bd54-37f8-4dfc-82e0-5b2cd8e27cc6,0,135,42
2ef5086a-5c0f-4404-a1dc-d2b86643dab4,0,135,42
2faffb7f-3935-4b37-b54d-e0ae31f96b6d,0,135,42
36940271-c026-4760-b7c2-87f6b839b21e,0,135,42
395c0c47-2887-454e-b66d-a15ea5a16b39,0,135,42
3e6d9595-050b-4e0d-9d9e-cd84d95cc35f,0,135,42
42a753ac-dad5-44bd-9387-77c48c983ff8,0,135,42
44812a4f-4e9d-417c-9cfd-9921e2669477,0,135,42
46ba3320-ee0e-4993-85d4-d8cc7cafb69b,0,135,42
4842c879-c472-4a83-99c2-a8fb04cd1531,0,135,42
48a31764-7c25-4ed1-b363-e0eb9d59f1ee,0,135,42
4c8455ab-23c1-42e0-9027-842531d8ba3f,0,135,42
52c2a7a3-6043-4b55-ba33-b10f3fc9ecac,0,135,42
562be90d-b7fb-4e89-ac5a-1f4fbf6f5f86,0,135,42
58057642-d473-45b2-aa6c-11db414645b1,0,135,42
5b6953a9-7833-494b-b5a5-742b6183a4b8,0,135,42
5b887a2a-7a7d-445c-b349-b594cbff5a80,0,135,42
5c5bdd9e-ba8b-4595-a4e0-64dd486cd111,0,135,42
5f6cda53-61c7-4425-9aeb-997463692ed2,0,135,42
638f7f71-e566-4e1a-900e-e8506882844a,0,135,42
6a085c9c-718f-4d57-afc1-024ad0825f13,0,135,42
6b721289-4a26-4e3a-b1fa-a072e14a3f34,0,135,42
6bd46752-1212-4df7-be56-3009a9610e34,0,135,42
6d78de36-7d86-40a4-81d5-11b1eecf5464,0,135,42
6df06e3b-de96-4e28-94cd-0b94de5e9c48,0,135,42
6e73d625-ea96-4e5a-a0c7-76ee1ba5ff59,0,135,42
71cc8832-0dd3-4dd2-896d-6a160c1cd678,0,135,42
73f6f490-f4ed-4644-b8d3-5b947751d9c8,0,135,42
74fe45e7-774b-4f37-beb8-803fb0892fc2,0,135,42
77dba24b-1de0-43e7-b6f0-61514876b051,0,135,42
78d530ac-3db2-44b1-97ee-f87030fb2484,0,135,42
7ab7c22a-548d-4c57-92d4-36d1297ed9cd,0,135,42
7da0aebb-e114-410f-aa76-2c1878f6ee3c,0,135,42
7e1a57e3-6c91-48f2-8924-2a1e814c49b3,0,135,42
7ed55854-9ef5-4561-bd90-bb7824055385,0,135,42
81314f17-acf2-48b6-8eb8-dbb86642dbe7,0,135,42
8148d515-1fec-4ad9-9c49-c7ab59e3892c,0,135,42
8153e4a8-c7d2-43b1-a447-78a42fc2c5f7,0,135,42
854ab1a6-1a0d-4ed0-8660-d7298d45ccab,0,135,42
86e80a2a-8588-4f2f-ba32-6cb43ca8f876,0,135,42
8724762a-fe49-49c8-90d0-132947e5a792,0,135,42
88f6db3b-d914-45fa-93d4-84ab9cb6eb51,0,135,42
89a8258b-e4e1-477f-b4b3-cf76951c9bb9,0,135,42
8a5b501d-4c05-46a6-bd20-09c088d803f1,0,135,42
8bcf379b-8f24-4e25-ad0b-be84c7792922,0,135,42
8c575ea4-ab86-4fed-8019-bd2e8bbcbb0b,0,135,42
8dbe8524-6fbe-4a38-8311-f3d99f988f78,0,135,42
92ce448b-2a99-42d9-ad24-279b004f36a1,0,135,42
93f17a9a-fd0f-4890-bdd3-7555860f1b9d,0,135,42
95c52c78-2446-414a-8379-877bd54b3740,0,135,42
96642dca-330d-4514-9a2e-6051eaec23be,0,135,42
96c46175-c164-4fa2-8417-3e7efde4b8e6,0,135,42
9859ab27-fd40-40ad-9008-f74832130d7d,0,135,42
9971cdc8-d1dc-4eab-8524-803ba55f77f8,0,135,42
9a3527c9-a508-49a1-b95e-d5b0e39b287e,0,135,42
9d3c63e4-6f59-4425-8e50-2b63cc01f5c9,0,135,42
9ea87026-6601-49eb-87a0-94b586402065,0,135,42
a0b77939-86ee-4ecd-a6b2-715e5c06f5fe,0,135,42
a20ce691-9f55-4b73-a97b-1d81d20e9388,0,135,42
a3337f68-0300-41a0-9173-008e59ecc6eb,0,135,42
a386e24c-1ab0-4a04-b257-6394585c37c4,0,135,42
a60b9513-3dfc-48bc-9474-5530798c4a7a,0,135,42
a8e70158-b215-44f9-aa0d-18e80f652b2c,0,135,42
a909d9d9-cc5e-4698-ba55-6098543818fb,0,135,42
ab5fb9a3-56b3-4080-ba96-9ba6b10510bd,0,135,42
ac9ea9c2-e757-46d6-a6fc-431894f63cbe,0,135,42
b15b6519-4e6e-4404-a0b1-439e0dbc7bbf,0,135,42
b19480ca-2054-4126-b612-dc8e24949951,0,135,42
b2e7bb5b-3333-4413-9770-fa75b1f4def8,0,135,42
b3154ca0-a114-47ec-926d-770e6b5350f7,0,135,42
b35dba00-e436-4974-8844-39cad879a16e,0,135,42
b74d90b7-123f-4106-8c83-aeef3c98d8f2,0,135,42
baa3c8ea-e5ff-4339-9035-19579f91bc13,0,135,42
bae6feff-3be9-4517-b777-da1c5b489d91,0,135,42
bc677534-38cf-44a7-b6a9-9a01811f01c6,0,135,42
bcf76177-f0f1-422c-b4b2-bd66bf2724e7,0,135,42
bfae1ed6-dfa1-41e3-9793-704587b4e8ed,0,135,42
c08747d0-ca96-4ad6-8674-6622df9c38bf,0,135,42
c3dc5a27-f76b-46a3-b9c9-644d35a66baf,0,135,42
c49833d2-03b7-4136-b036-aa6c5128be7d,0,135,42
c4e6b96f-3add-46c8-9d79-dc26c13480e7,0,135,42
cca97dba-f3e2-42f5-a1ec-80a50013463f,0,135,42
cd3052ed-9de9-49c8-a6f5-3db374d3bcfb,0,135,42
ce9301c9-1a42-440f-b294-bbd0199eefda,0,135,42
cf1977ac-3c54-4b25-8a6b-8c2e40c5f418,0,135,42
d00ba7e9-27a5-4cf6-a2f3-b85d25deb7c1,0,135,42
d12db900-361a-4e08-87db-fc8772572128,0,135,42
d6cdcc52-a5ad-455b-b8d2-7185d3d6d0e5,0,135,42
d92ea2d3-bf8b-4ff4-858e-8748fb63f0cd,0,135,42
dd6dd115-0082-4cb4-8900-0d12039cf6ca,0,135,42
e4a58e87-5332-4337-9c77-bd3ec2546d4d,0,135,42
e58d8903-194a-46fe-ac65-96c718b04871,0,135,42
e716d7d7-97bd-4131-9cd0-c7948bd787b2,0,135,42
e8965a18-1171-457a-b96b-10689a55b9a3,0,135,42
e8dc7d47-a5ac-4ae5-981e-fd10a19447ba,0,135,42
ed0ab569-7171-4ca5-ad04-b9dd0ceb23cd,0,135,42
eedefda6-addb-45f5-9eba-623790a145e1,0,135,42
ef0dd6b5-841f-42fe-b312-d9634fdcbb71,0,135,42
f045a187-bbc8-4eb2-a738-4e845a27de10,0,135,42
f090aa86-4902-4b1c-84c1-e1ebe87aa99d,0,135,42
f11b1f00-6d43-40a4-b163-b65e2a5e5511,0,135,42
f7ba54ba-3e57-49b3-885f-acc1256a7825,0,135,42
f90481a9-6fa8-4037-b9c3-aa2cc1d4078c,0,135,42
fa124ebb-efa9-44ba-b5f3-d0327790986e,0,135,42
fa9c96d3-82fb-4b7e-a1e6-37a7a2088ed9,0,135,42
fd3ccc65-48ef-4ee9-b02f-f385988a6cb9,0,135,42
fd646558-0d80-4de4-909c-e2e5c0a5a6c0,0,135,42
ff787e47-37a0-4eb6-8801-862010a4da9c,0,135,42
ffa5b5e7-f015-43c3-82e2-972931eb0b3c,0,135,42
03054354-9b05-4be5-bf8d-cd79bbf247ec,0,68,42
040cb677-7c58-4053-a00b-8dd16d772c5e,0,68,42
0da45e00-4b82-44a9-8bea-3dfc85f01953,0,68,42
0ed26b13-486c-470c-9860-36b6b55f923e,0,68,42
0efe7025-8eec-462a-a3aa-9a9d14480cce,0,68,42
11634d8e-bc9d-4cb4-ac20-cdfd16fbf2b9,0,68,42
1175549d-9719-4349-a765-9ca8130aeb6e,0,68,42
148111c0-9375-49a6-964d-518385461d7e,0,68,42
1689b63f-3d0e-4f58-8ea5-5a9dc9e08a38,0,68,42
1746dd6c-8bde-4fce-9f9e-aa9ca915eef5,0,68,42
190b1b48-d8d8-4c47-98d2-4518081512b8,0,68,42
1a807bbc-f946-4af0-92c6-d5feecb0cbf8,0,68,42
1c87b9e0-8646-4a38-a537-bf9dc4c50c55,0,68,42
1eb3933e-609b-45ad-b02e-8755d2bb7376,0,68,42
203debb5-f923-4520-b35a-f2d5198dcd6d,0,68,42
2623c358-878c-4e38-b3fa-07f4bc89b80f,0,68,42
280e137c-31a4-4830-8868-4553e9c9ab95,0,68,42
2ea3bd54-37f8-4dfc-82e0-5b2cd8e27cc6,0,68,42
2ef5086a-5c0f-4404-a1dc-d2b86643dab4,0,68,42
3e6d9595-050b-4e0d-9d9e-cd84d95cc35f,0,68,42
42a753ac-dad5-44bd-9387-77c48c983ff8,0,68,42
4842c879-c472-4a83-99c2-a8fb04cd1531,0,68,42
562be90d-b7fb-4e89-ac5a-1f4fbf6f5f86,0,68,42
58057642-d473-45b2-aa6c-11db414645b1,0,68,42
5b6953a9-7833-494b-b5a5-742b6183a4b8,0,68,42
5b887a2a-7a7d-445c-b349-b594cbff5a80,0,68,42
5f6cda53-61c7-4425-9aeb-997463692ed2,0,68,42
6d78de36-7d86-40a4-81d5-11b1eecf5464,0,68,42
71cc8832-0dd3-4dd2-896d-6a160c1cd678,0,68,42
74fe45e7-774b-4f37-beb8-803fb0892fc2,0,68,42
7da0aebb-e114-410f-aa76-2c1878f6ee3c,0,68,42
7e1a57e3-6c91-48f2-8924-2a1e814c49b3,0,68,42
7ed55854-9ef5-4561-bd90-bb7824055385,0,68,42
854ab1a6-1a0d-4ed0-8660-d7298d45ccab,0,68,42
8724762a-fe49-49c8-90d0-132947e5a792,0,68,42
88f6db3b-d914-45fa-93d4-84ab9cb6eb51,0,68,42
89a8258b-e4e1-477f-b4b3-cf76951c9bb9,0,68,42
8bcf379b-8f24-4e25-ad0b-be84c7792922,0,68,42
8c575ea4-ab86-4fed-8019-bd2e8bbcbb0b,0,68,42
8dbe8524-6fbe-4a38-8311-f3d99f988f78,0,68,42
93f17a9a-fd0f-4890-bdd3-7555860f1b9d,0,68,42
96642dca-330d-4514-9a2e-6051eaec23be,0,68,42
a3337f68-0300-41a0-9173-008e59ecc6eb,0,68,42
a386e24c-1ab0-4a04-b257-6394585c37c4,0,68,42
a60b9513-3dfc-48bc-9474-5530798c4a7a,0,68,42
a909d9d9-cc5e-4698-ba55-6098543818fb,0,68,42
b15b6519-4e6e-4404-a0b1-439e0dbc7bbf,0,68,42
b3154ca0-a114-47ec-926d-770e6b5350f7,0,68,42
b74d90b7-123f-4106-8c83-aeef3c98d8f2,0,68,42
bae6feff-3be9-4517-b777-da1c5b489d91,0,68,42
bc677534-38cf-44a7-b6a9-9a01811f01c6,0,68,42
bcf76177-f0f1-422c-b4b2-bd66bf2724e7,0,68,42
c08747d0-ca96-4ad6-8674-6622df9c38bf,0,68,42
c3dc5a27-f76b-46a3-b9c9-644d35a66baf,0,68,42
c49833d2-03b7-4136-b036-aa6c5128be7d,0,68,42
c4e6b96f-3add-46c8-9d79-dc26c13480e7,0,68,42
cca97dba-f3e2-42f5-a1ec-80a50013463f,0,68,42
cd3052ed-9de9-49c8-a6f5-3db374d3bcfb,0,68,42
cf1977ac-3c54-4b25-8a6b-8c2e40c5f418,0,68,42
d00ba7e9-27a5-4cf6-a2f3-b85d25deb7c1,0,68,42
e4a58e87-5332-4337-9c77-bd3ec2546d4d,0,68,42
e8965a18-1171-457a-b96b-10689a55b9a3,0,68,42
f090aa86-4902-4b1c-84c1-e1ebe87aa99d,0,68,42
f11b1f00-6d43-40a4-b163-b65e2a5e5511,0,68,42
f7ba54ba-3e57-49b3-885f-acc1256a7825,0,68,42
fa9c96d3-82fb-4b7e-a1e6-37a7a2088ed9,0,68,42
fd646558-0d80-4de4-909c-e2e5c0a5a6c0,0,68,42
ff787e47-37a0-4eb6-8801-862010a4da9c,0,68,42
02a304e6-2aed-4acf-852e-7668cac5df0e,1,270,43
03054354-9b05-4be5-bf8d-cd79bbf247ec,1,270,43
040cb677-7c58-4053-a00b-8dd16d772c5e,1,270,43
047772f6-5452-4924-abe6-1e9a2ed22e47,1,270,43
06b75511-3a20-42df-9e87-3f190661d14a,1,270,43
07eaeb96-794b-4dee-b14a-33c2d084150b,1,270,43
0965fc05-846f-48c0-8907-422b984a704c,1,270,43
0da45e00-4b82-44a9-8bea-3dfc85f01953,1,270,43
0ed26b13-486c-470c-9860-36b6b55f923e,1,270,43
0efe7025-8eec-462a-a3aa-9a9d14480cce,1,270,43
10c891b9-d612-45c0-9518-e3e5a823cf7d,1,270,43
11634d8e-bc9d-4cb4-ac20-cdfd16fbf2b9,1,270,43
1175549d-9719-4349-a765-9ca8130aeb6e,1,270,43
13937779-7b08-4dc9-aff5-13a219dffd60,1,270,43
1431c910-3887-4e64-ba48-e47f60385c39,1,270,43
148111c0-9375-49a6-964d-518385461d7e,1,270,43
151a7f47-b390-4235-8c73-c5916d1659aa,1,270,43
1689b63f-3d0e-4f58-8ea5-5a9dc9e08a38,1,270,43
16bf0e47-6768-4e0e-9bcd-de57b2d799c0,1,270,43
1746dd6c-8bde-4fce-9f9e-aa9ca915eef5,1,270,43
175ca57b-0ba9-445f-b60a-b9f628980515,1,270,43
190b1b48-d8d8-4c47-98d2-4518081512b8,1,270,43
1a807bbc-f946-4af0-92c6-d5feecb0cbf8,1,270,43
1c87b9e0-8646-4a38-a537-bf9dc4c50c55,1,270,43
1ce1c89a-8bd0-4328-854f-25415ce28dfd,1,270,43
1eb3933e-609b-45ad-b02e-8755d2bb7376,1,270,43
1fedc485-4420-480d-a24f-d1288adc55d6,1,270,43
203debb5-f923-4520-b35a-f2d5198dcd6d,1,270,43
22944e66-f049-44ee-b8e7-1c0a7c0bd242,1,270,43
230abee8-0309-484a-ab2f-84db9615a4e8,1,270,43
23823d88-fab8-4740-b68b-039d30ce4975,1,270,43
24042442-fc90-4438-be62-76fffb2f3145,1,270,43
249d0a3d-c4ef-4293-bf9c-a6ef850f1888,1,270,43
258f021c-cbfc-49e3-9fe1-f9e3f429316a,1,270,43
2623c358-878c-4e38-b3fa-07f4bc89b80f,1,270,43
269e37f1-dcc3-46b1-b912-06c5ba5acfbf,1,270,43
280e137c-31a4-4830-8868-4553e9c9ab95,1,270,43
2b3fa638-0c81-40fe-bd37-1032c26d623b,1,270,43
2ddaad55-4cf3-437e-a78b-ae5b75b4e85e,1,270,43
2e415d0e-b682-4ffc-9bdb-4cb8f83ac927,1,270,43
2ea3bd54-37f8-4dfc-82e0-5b2cd8e27cc6,1,270,43
2ed92760-99b6-47fd-be37-a1b54969a64f,1,270,43
2ef5086a-5c0f-4404-a1dc-d2b86643dab4,1,270,43
2faffb7f-3935-4b37-b54d-e0ae31f96b6d,1,270,43
2fe50acf-e1f9-4ef0-acb0-e5997245e5f8,1,270,43
305e769f-0b0e-4067-8571-038fc8b3d54f,1,270,43
313d287a-2cca-48e1-ad37-ee1c7dc04238,1,270,43
330a2f5c-6649-4512-bc10-9948b94c482f,1,270,43
341290fb-6762-4515-b5d8-9e25d7d8488a,1,270,43
34a4154b-3410-4bdb-9284-af28408d980f,1,270,43
34f7a74e-5670-4865-94c7-5234aa66e315,1,270,43
358f4597-6ab7-4f5b-a8ed-5009a58c18e0,1,270,43
36940271-c026-4760-b7c2-87f6b839b21e,1,270,43
36d58f25-198f-42e9-b73f-b811f4a287c6,1,270,43
38b5c0ff-6d50-457f-85cb-a74ecac75815,1,270,43
38c1b67c-cbe7-4fe7-8c57-a55d0ef25144,1,270,43
395c0c47-2887-454e-b66d-a15ea5a16b39,1,270,43
39902daa-010c-4cad-9197-d8fdabee7ff5,1,270,43
3b137c95-f9da-41a3-a805-e681386d382c,1,270,43
3e6d9595-050b-4e0d-9d9e-cd84d95cc35f,1,270,43
3e91704b-cdda-4bf7-83ff-49fa2050f3aa,1,270,43
42a753ac-dad5-44bd-9387-77c48c983ff8,1,270,43
43a64c33-6cb1-42ed-bf99-04c228c2880c,1,270,43
44812a4f-4e9d-417c-9cfd-9921e2669477,1,270,43
44b3801b-2c42-4581-b3a2-47d8c80c90a3,1,270,43
46ba3320-ee0e-4993-85d4-d8cc7cafb69b,1,270,43
4701cfd1-807d-478c-8921-4581d8f4816b,1,270,43
478addb2-6a87-45fe-a3a3-08e00faed564,1,270,43
4842c879-c472-4a83-99c2-a8fb04cd1531,1,270,43
48a31764-7c25-4ed1-b363-e0eb9d59f1ee,1,270,43
4a0d9e2b-b00e-4d4e-917b-6c0aa4c05c2d,1,270,43
4c8455ab-23c1-42e0-9027-842531d8ba3f,1,270,43
4cecf418-e921-4e31-8c95-8ac88cf5a18d,1,270,43
4d8063ad-3d76-4429-9286-6b40e0cb1587,1,270,43
50dc11c8-d44f-495a-9647-5bd782f5953a,1,270,43
52c2a7a3-6043-4b55-ba33-b10f3fc9ecac,1,270,43
562be90d-b7fb-4e89-ac5a-1f4fbf6f5f86,1,270,43
564fb021-97fa-4d80-9c3d-b14660070027,1,270,43
57a47b80-212c-461c-9d44-9af057227780,1,270,43
58057642-d473-45b2-aa6c-11db414645b1,1,270,43
59ac5797-7b5d-44af-a6d8-6d6b59da2544,1,270,43
5b6953a9-7833-494b-b5a5-742b6183a4b8,1,270,43
5b7e9746-012a-4d82-ad24-31c2434b7816,1,270,43
5b887a2a-7a7d-445c-b349-b594cbff5a80,1,270,43
5c5bdd9e-ba8b-4595-a4e0-64dd486cd111,1,270,43
5f6cda53-61c7-4425-9aeb-997463692ed2,1,270,43
62b65419-2ab1-44a5-b35d-c24e5d9a6528,1,270,43
638f7f71-e566-4e1a-900e-e8506882844a,1,270,43
658c7ee1-bfdf-4666-a1bc-72382ecde307,1,270,43
68e2af1d-c2ba-4ff1-86a8-dc3f2e862440,1,270,43
6a085c9c-718f-4d57-afc1-024ad0825f13,1,270,43
6b721289-4a26-4e3a-b1fa-a072e14a3f34,1,270,43
6ba87bcf-b53e-41f7-87f8-59f900290d28,1,270,43
6bd46752-1212-4df7-be56-3009a9610e34,1,270,43
6c005d28-61f1-4c6c-9425-1954c7949bd3,1,270,43
6cacb12a-4a42-4b7a-bef6-30fe250c824e,1,270,43
6d78de36-7d86-40a4-81d5-11b1eecf5464,1,270,43
6df06e3b-de96-4e28-94cd-0b94de5e9c48,1,270,43
6e73d625-ea96-4e5a-a0c7-76ee1ba5ff59,1,270,43
6ef36985-8b88-450a-b15d-cbca7958e0c9,1,270,43
7069534c-c71a-4998-8f6a-05c2c83887f2,1,270,43
71cc8832-0dd3-4dd2-896d-6a160c1cd678,1,270,43
720d9762-c353-41d1-8933-fe490951e189,1,270,43
728e394b-83b1-4af6-a140-56d3ceb8faf9,1,270,43
731075c7-f089-4f97-a1c8-33bf8a02ac8c,1,270,43
73f6f490-f4ed-4644-b8d3-5b947751d9c8,1,270,43
74fe45e7-774b-4f37-beb8-803fb0892fc2,1,270,43
775dd45d-a96e-407b-9ea9-34f961b46c4e,1,270,43
77dba24b-1de0-43e7-b6f0-61514876b051,1,270,43
78d530ac-3db2-44b1-97ee-f87030fb2484,1,270,43
7ab7c22a-548d-4c57-92d4-36d1297ed9cd,1,270,43
7c2b03a1-800c-4e0c-ad0b-72511e6b0242,1,270,43
7c8b5c40-e5fb-4782-8c90-e1f6ebe7be7b,1,270,43
7da0aebb-e114-410f-aa76-2c1878f6ee3c,1,270,43
7e1a57e3-6c91-48f2-8924-2a1e814c49b3,1,270,43
7e389c1d-5215-401e-baa8-2f1a976c520d,1,270,43
7e9f4d46-b131-40dc-8556-e2cae8f0788e,1,270,43
7ed55854-9ef5-4561-bd90-bb7824055385,1,270,43
7fa3ac5d-0518-404d-a62b-223285829106,1,270,43
7fe09bd7-8e9f-4f02-a8fd-5e436113db59,1,270,43
80025e18-b913-4f35-8f46-da42eff37c37,1,270,43
81314f17-acf2-48b6-8eb8-dbb86642dbe7,1,270,43
8148d515-1fec-4ad9-9c49-c7ab59e3892c,1,270,43
8153e4a8-c7d2-43b1-a447-78a42fc2c5f7,1,270,43
81b07a6a-d13d-4352-9363-5e784c025796,1,270,43
826822c3-441b-4eb6-8a0b-7d0d73ff2dba,1,270,43
84a952ff-42d7-44b9-8e28-598657593193,1,270,43
854ab1a6-1a0d-4ed0-8660-d7298d45ccab,1,270,43
8687a886-eef2-48ea-a182-cb907fbfa53b,1,270,43
86e80a2a-8588-4f2f-ba32-6cb43ca8f876,1,270,43
8724762a-fe49-49c8-90d0-132947e5a792,1,270,43
878d39ff-b839-4eb4-8afe-f2e00bcdd288,1,270,43
888ca8da-0ef1-4eff-812e-01544b42302a,1,270,43
88f6db3b-d914-45fa-93d4-84ab9cb6eb51,1,270,43
89a8258b-e4e1-477f-b4b3-cf76951c9bb9,1,270,43
8a5b501d-4c05-46a6-bd20-09c088d803f1,1,270,43
8a755be8-4447-40d8-a4dc-570cfac283a3,1,270,43
8bcf379b-8f24-4e25-ad0b-be84c7792922,1,270,43
8c4b185d-70b8-4429-a3bb-bc3482fe16c2,1,270,43
8c575ea4-ab86-4fed-8019-bd2e8bbcbb0b,1,270,43
8dbe8524-6fbe-4a38-8311-f3d99f988f78,1,270,43
8f158e3c-fe94-400c-a03b-e2c049a9d401,1,270,43
90df9fe4-6be8-4c7b-9362-ea24aebe8f59,1,270,43
929312b9-217e-48d3-9b99-37e69ab894f9,1,270,43
92ce448b-2a99-42d9-ad24-279b004f36a1,1,270,43
930e22e8-8ed7-426a-970b-74d31bfacbd8,1,270,43
93c5b333-e804-4a1c-9194-249681b67e92,1,270,43
93f17a9a-fd0f-4890-bdd3-7555860f1b9d,1,270,43
95210bbb-b760-43cc-8810-889654262981,1,270,43
95c52c78-2446-414a-8379-877bd54b3740,1,270,43
96642dca-330d-4514-9a2e-6051eaec23be,1,270,43
96c46175-c164-4fa2-8417-3e7efde4b8e6,1,270,43
9859ab27-fd40-40ad-9008-f74832130d7d,1,270,43
9971cdc8-d1dc-4eab-8524-803ba55f77f8,1,270,43
9a1d3fdd-064e-46d1-a007-16b87efe4212,1,270,43
9a3527c9-a508-49a1-b95e-d5b0e39b287e,1,270,43
9c4190ae-2f4c-463d-9e15-35fe3ee6149b,1,270,43
9c7e5362-8661-4b9d-a839-25b47d3e11c5,1,270,43
9c881543-6385-43cc-99a1-ccdafe405f8b,1,270,43
9ce3cf43-5031-49b6-bba0-7bce38fc496a,1,270,43
9d3c63e4-6f59-4425-8e50-2b63cc01f5c9,1,270,43
9dae28fa-4ed6-4862-bf8f-090e9ba8440c,1,270,43
9ea87026-6601-49eb-87a0-94b586402065,1,270,43
9f22d886-fd27-4bf3-8d00-c02bdd3e4a82,1,270,43
9f3130b7-490e-4490-ab60-e17f28cafaea,1,270,43
9fee5004-2353-4d61-8b92-77e9caada705,1,270,43
a0b77939-86ee-4ecd-a6b2-715e5c06f5fe,1,270,43
a102f96c-5087-426c-8aef-8ce6160d5e3e,1,270,43
a20ce691-9f55-4b73-a97b-1d81d20e9388,1,270,43
a20cfcab-e10b-4e50-8661-768d6c11e17c,1,270,43
a3337f68-0300-41a0-9173-008e59ecc6eb,1,270,43
a386e24c-1ab0-4a04-b257-6394585c37c4,1,270,43
a60b9513-3dfc-48bc-9474-5530798c4a7a,1,270,43
a690f635-bb61-4d82-8c93-271e27df3ff7,1,270,43
a6bf39fb-f649-4130-a7ee-9b83c116d2b2,1,270,43
a86c9808-765f-4f39-8c90-f7082db688cd,1,270,43
a8e70158-b215-44f9-aa0d-18e80f652b2c,1,270,43
a909d9d9-cc5e-4698-ba55-6098543818fb,1,270,43
a9adf7bd-a905-490b-9adb-21614d6401b5,1,270,43
a9dc17c6-bb9c-4584-8195-eb902bcd04ad,1,270,43
ab5fb9a3-56b3-4080-ba96-9ba6b10510bd,1,270,43
ac9ea9c2-e757-46d6-a6fc-431894f63cbe,1,270,43
ae16e345-76cb-4526-a6da-1b72d1c3e387,1,270,43
b15b6519-4e6e-4404-a0b1-439e0dbc7bbf,1,270,43
b19480ca-2054-4126-b612-dc8e24949951,1,270,43
b22e9713-5da6-4f6f-b864-b2a656831f43,1,270,43
b2e7bb5b-3333-4413-9770-fa75b1f4def8,1,270,43
b3154ca0-a114-47ec-926d-770e6b5350f7,1,270,43
b35dba00-e436-4974-8844-39cad879a16e,1,270,43
b3686abc-3432-4534-858c-9afcd2376b9d,1,270,43
b656dd6d-5e6d-494a-a70d-5402b703b37a,1,270,43
b6cf4d6a-8c55-4ad5-95ca-30c7c3cd637d,1,270,43
b74d90b7-123f-4106-8c83-aeef3c98d8f2,1,270,43
b949bb13-9298-4881-bb4c-a62002131f6f,1,270,43
baa3c8ea-e5ff-4339-9035-19579f91bc13,1,270,43
bacb4c37-72db-4faf-bbfc-6cfb505f2726,1,270,43
bae6feff-3be9-4517-b777-da1c5b489d91,1,270,43
bc677534-38cf-44a7-b6a9-9a01811f01c6,1,270,43
bcf76177-f0f1-422c-b4b2-bd66bf2724e7,1,270,43
bd79e8e7-286b-4b6e-9829-0bdac82d743b,1,270,43
be372bea-cc32-4c4a-9301-f88f8a7cca3e,1,270,43
bebb3ab6-af9e-4bc0-88d4-5887f873b06d,1,270,43
bfae1ed6-dfa1-41e3-9793-704587b4e8ed,1,270,43
c0250d95-7edd-4f87-ba8a-992c7f588611,1,270,43
c08747d0-ca96-4ad6-8674-6622df9c38bf,1,270,43
c159de98-c346-4434-b90a-36ac1e6cfcbe,1,270,43
c17b8522-18b7-4d5d-9c4d-7e78685792d8,1,270,43
c3dc5a27-f76b-46a3-b9c9-644d35a66baf,1,270,43
c4709111-5fe5-4c3c-9759-83b589665e13,1,270,43
c494c3c9-77af-4dc7-a108-a65a83ffe74c,1,270,43
c49833d2-03b7-4136-b036-aa6c5128be7d,1,270,43
c4e6b96f-3add-46c8-9d79-dc26c13480e7,1,270,43
c6d76a8b-4d85-4b1d-9393-5908463ac316,1,270,43
c744dd15-9566-41a9-b203-5fa564a4c8a2,1,270,43
c7c4eef0-afc1-4248-8773-cd3922ff30ab,1,270,43
cca97dba-f3e2-42f5-a1ec-80a50013463f,1,270,43
cd3052ed-9de9-49c8-a6f5-3db374d3bcfb,1,270,43
ce9301c9-1a42-440f-b294-bbd0199eefda,1,270,43
ced1cc60-9cd8-41a9-8c0e-17c88df2081e,1,270,43
cf1977ac-3c54-4b25-8a6b-8c2e40c5f418,1,270,43
d00ba7e9-27a5-4cf6-a2f3-b85d25deb7c1,1,270,43
d12db900-361a-4e08-87db-fc8772572128,1,270,43
d191532f-e666-4d07-a834-59355a43a688,1,270,43
d5d9929f-2ad3-4be8-9abb-9b715d288565,1,270,43
d6cdcc52-a5ad-455b-b8d2-7185d3d6d0e5,1,270,43
d92ea2d3-bf8b-4ff4-858e-8748fb63f0cd,1,270,43
d9fda7e9-fdd4-4b79-923f-df7516f1354c,1,270,43
dabb109a-292c-4030-942d-44395b5ff780,1,270,43
dafce578-796e-4b13-bdcc-be13d2888c14,1,270,43
dbd63e0e-fc1e-426b-8b91-6f4b0384c051,1,270,43
dbd88317-32e5-4c68-9e30-8140c4dd447c,1,270,43
dc0b3001-544d-47e9-891f-4178971526a5,1,270,43
dc1a8c4e-c8e6-48f0-8ff5-c6a84bc5642d,1,270,43
dd6dd115-0082-4cb4-8900-0d12039cf6ca,1,270,43
df775a8c-5f8e-4f3c-a97a-f543f3091e54,1,270,43
e45f7f45-d024-4489-97a6-2863f3b4c670,1,270,43
e4a58e87-5332-4337-9c77-bd3ec2546d4d,1,270,43
e52c3812-d3c0-462b-9fc5-72682ed5dda3,1,270,43
e58d8903-194a-46fe-ac65-96c718b04871,1,270,43
e6182784-3046-466f-9ec5-a12acd71829e,1,270,43
e62f9833-0b61-4dfa-a925-30adcd8a8860,1,270,43
e716d7d7-97bd-4131-9cd0-c7948bd787b2,1,270,43
e7ffb43a-d2d3-4720-a4ea-56f271748f39,1,270,43
e8965a18-1171-457a-b96b-10689a55b9a3,1,270,43
e8dc7d47-a5ac-4ae5-981e-fd10a19447ba,1,270,43
e971d1b4-7e46-4488-8080-82ef3b0ec653,1,270,43
ed0a5e57-60e6-4fec-84a6-d8acd6080468,1,270,43
ed0ab569-7171-4ca5-ad04-b9dd0ceb23cd,1,270,43
ed5d435b-b5e0-4f06-9c63-b597963e2733,1,270,43
edbb82f6-19cc-404c-a8eb-1c6776d4f3f7,1,270,43
ee566038-4334-4264-943a-65f3bc04488b,1,270,43
eedefda6-addb-45f5-9eba-623790a145e1,1,270,43
ef0dd6b5-841f-42fe-b312-d9634fdcbb71,1,270,43
f045a187-bbc8-4eb2-a738-4e845a27de10,1,270,43
f090aa86-4902-4b1c-84c1-e1ebe87aa99d,1,270,43
f11b1f00-6d43-40a4-b163-b65e2a5e5511,1,270,43
f5ae6fdd-82a6-48b1-b5a8-39aebaa9315c,1,270,43
f7047a5d-8264-4bdc-a215-a6de4fbda013,1,270,43
f7ba54ba-3e57-49b3-885f-acc1256a7825,1,270,43
f90481a9-6fa8-4037-b9c3-aa2cc1d4078c,1,270,43
fa124ebb-efa9-44ba-b5f3-d0327790986e,1,270,43
fa9c96d3-82fb-4b7e-a1e6-37a7a2088ed9,1,270,43
fb9b38f9-97db-4041-97b8-5019307c8590,1,270,43
fc5044a3-bde5-4f88-9f71-179cee40d35c,1,270,43
fd3ccc65-48ef-4ee9-b02f-f385988a6cb9,1,270,43
fd646558-0d80-4de4-909c-e2e5c0a5a6c0,1,270,43
fe322528-0046-40cc-a6b0-5e696d61f4b4,1,270,43
ff787e47-37a0-4eb6-8801-862010a4da9c,1,270,43
ffa5b5e7-f015-43c3-82e2-972931eb0b3c,1,270,43
ffe389e1-658d-4f6a-a971-11d1de4fe608,1,270,43
03054354-9b05-4be5-bf8d-cd79bbf247ec,1,135,43
07eaeb96-794b-4dee-b14a-33c2d084150b,1,135,43
0ed26b13-486c-470c-9860-36b6b55f923e,1,135,43
0efe7025-8eec-462a-a3aa-9a9d14480cce,1,135,43
11634d8e-bc9d-4cb4-ac20-cdfd16fbf2b9,1,135,43
1175549d-9719-4349-a765-9ca8130aeb6e,1,135,43
1431c910-3887-4e64-ba48-e47f60385c39,1,135,43
151a7f47-b390-4235-8c73-c5916d1659aa,1,135,43
1746dd6c-8bde-4fce-9f9e-aa9ca915eef5,1,135,43
203debb5-f923-4520-b35a-f2d5198dcd6d,1,135,43
258f021c-cbfc-49e3-9fe1-f9e3f429316a,1,135,43
269e37f1-dcc3-46b1-b912-06c5ba5acfbf,1,135,43
280e137c-31a4-4830-8868-4553e9c9ab95,1,135,43
2ddaad55-4cf3-437e-a78b-ae5b75b4e85e,1,135,43
2e415d0e-b682-4ffc-9bdb-4cb8f83ac927,1,135,43
2ed92760-99b6-47fd-be37-a1b54969a64f,1,135,43
2ef5086a-5c0f-4404-a1dc-d2b86643dab4,1,135,43
2faffb7f-3935-4b37-b54d-e0ae31f96b6d,1,135,43
313d287a-2cca-48e1-ad37-ee1c7dc04238,1,135,43
34a4154b-3410-4bdb-9284-af28408d980f,1,135,43
34f7a74e-5670-4865-94c7-5234aa66e315,1,135,43
358f4597-6ab7-4f5b-a8ed-5009a58c18e0,1,135,43
36940271-c026-4760-b7c2-87f6b839b21e,1,135,43
36d58f25-198f-42e9-b73f-b811f4a287c6,1,135,43
38c1b67c-cbe7-4fe7-8c57-a55d0ef25144,1,135,43
395c0c47-2887-454e-b66d-a15ea5a16b39,1,135,43
39902daa-010c-4cad-9197-d8fdabee7ff5,1,135,43
3b137c95-f9da-41a3-a805-e681386d382c,1,135,43
44b3801b-2c42-4581-b3a2-47d8c80c90a3,1,135,43
46ba3320-ee0e-4993-85d4-d8cc7cafb69b,1,135,43
4a0d9e2b-b00e-4d4e-917b-6c0aa4c05c2d,1,135,43
4c8455ab-23c1-42e0-9027-842531d8ba3f,1,135,43
50dc11c8-d44f-495a-9647-5bd782f5953a,1,135,43
52c2a7a3-6043-4b55-ba33-b10f3fc9ecac,1,135,43
564fb021-97fa-4d80-9c3d-b14660070027,1,135,43
58057642-d473-45b2-aa6c-11db414645b1,1,135,43
59ac5797-7b5d-44af-a6d8-6d6b59da2544,1,135,43
5b6953a9-7833-494b-b5a5-742b6183a4b8,1,135,43
5b7e9746-012a-4d82-ad24-31c2434b7816,1,135,43
5b887a2a-7a7d-445c-b349-b594cbff5a80,1,135,43
5c5bdd9e-ba8b-4595-a4e0-64dd486cd111,1,135,43
62b65419-2ab1-44a5-b35d-c24e5d9a6528,1,135,43
638f7f71-e566-4e1a-900e-e8506882844a,1,135,43
658c7ee1-bfdf-4666-a1bc-72382ecde307,1,135,43
68e2af1d-c2ba-4ff1-86a8-dc3f2e862440,1,135,43
6b721289-4a26-4e3a-b1fa-a072e14a3f34,1,135,43
6ba87bcf-b53e-41f7-87f8-59f900290d28,1,135,43
6bd46752-1212-4df7-be56-3009a9610e34,1,135,43
6c005d28-61f1-4c6c-9425-1954c7949bd3,1,135,43
6cacb12a-4a42-4b7a-bef6-30fe250c824e,1,135,43
6ef36985-8b88-450a-b15d-cbca7958e0c9,1,135,43
731075c7-f089-4f97-a1c8-33bf8a02ac8c,1,135,43
73f6f490-f4ed-4644-b8d3-5b947751d9c8,1,135,43
74fe45e7-774b-4f37-beb8-803fb0892fc2,1,135,43
7c2b03a1-800c-4e0c-ad0b-72511e6b0242,1,135,43
7c8b5c40-e5fb-4782-8c90-e1f6ebe7be7b,1,135,43
7da0aebb-e114-410f-aa76-2c1878f6ee3c,1,135,43
7e1a57e3-6c91-48f2-8924-2a1e814c49b3,1,135,43
7e389c1d-5215-401e-baa8-2f1a976c520d,1,135,43
7e9f4d46-b131-40dc-8556-e2cae8f0788e,1,135,43
7fa3ac5d-0518-404d-a62b-223285829106,1,135,43
80025e18-b913-4f35-8f46-da42eff37c37,1,135,43
8148d515-1fec-4ad9-9c49-c7ab59e3892c,1,135,43
84a952ff-42d7-44b9-8e28-598657593193,1,135,43
854ab1a6-1a0d-4ed0-8660-d7298d45ccab,1,135,43
8687a886-eef2-48ea-a182-cb907fbfa53b,1,135,43
8724762a-fe49-49c8-90d0-132947e5a792,1,135,43
8a5b501d-4c05-46a6-bd20-09c088d803f1,1,135,43
8a755be8-4447-40d8-a4dc-570cfac283a3,1,135,43
8bcf379b-8f24-4e25-ad0b-be84c7792922,1,135,43
8dbe8524-6fbe-4a38-8311-f3d99f988f78,1,135,43
930e22e8-8ed7-426a-970b-74d31bfacbd8,1,135,43
93c5b333-e804-4a1c-9194-249681b67e92,1,135,43
93f17a9a-fd0f-4890-bdd3-7555860f1b9d,1,135,43
96642dca-330d-4514-9a2e-6051eaec23be,1,135,43
9859ab27-fd40-40ad-9008-f74832130d7d,1,135,43
9971cdc8-d1dc-4eab-8524-803ba55f77f8,1,135,43
9c881543-6385-43cc-99a1-ccdafe405f8b,1,135,43
9d3c63e4-6f59-4425-8e50-2b63cc01f5c9,1,135,43
9f22d886-fd27-4bf3-8d00-c02bdd3e4a82,1,135,43
9f3130b7-490e-4490-ab60-e17f28cafaea,1,135,43
a0b77939-86ee-4ecd-a6b2-715e5c06f5fe,1,135,43
a20cfcab-e10b-4e50-8661-768d6c11e17c,1,135,43
a3337f68-0300-41a0-9173-008e59ecc6eb,1,135,43
a386e24c-1ab0-4a04-b257-6394585c37c4,1,135,43
a60b9513-3dfc-48bc-9474-5530798c4a7a,1,135,43
a690f635-bb61-4d82-8c93-271e27df3ff7,1,135,43
a86c9808-765f-4f39-8c90-f7082db688cd,1,135,43
a9adf7bd-a905-490b-9adb-21614d6401b5,1,135,43
ae16e345-76cb-4526-a6da-1b72d1c3e387,1,135,43
b22e9713-5da6-4f6f-b864-b2a656831f43,1,135,43
b3154ca0-a114-47ec-926d-770e6b5350f7,1,135,43
b35dba00-e436-4974-8844-39cad879a16e,1,135,43
b656dd6d-5e6d-494a-a70d-5402b703b37a,1,135,43
b949bb13-9298-4881-bb4c-a62002131f6f,1,135,43
bacb4c37-72db-4faf-bbfc-6cfb505f2726,1,135,43
bae6feff-3be9-4517-b777-da1c5b489d91,1,135,43
bd79e8e7-286b-4b6e-9829-0bdac82d743b,1,135,43
be372bea-cc32-4c4a-9301-f88f8a7cca3e,1,135,43
c08747d0-ca96-4ad6-8674-6622df9c38bf,1,135,43
c159de98-c346-4434-b90a-36ac1e6cfcbe,1,135,43
c17b8522-18b7-4d5d-9c4d-7e78685792d8,1,135,43
c3dc5a27-f76b-46a3-b9c9-644d35a66baf,1,135,43
c494c3c9-77af-4dc7-a108-a65a83ffe74c,1,135,43
c744dd15-9566-41a9-b203-5fa564a4c8a2,1,135,43
cca97dba-f3e2-42f5-a1ec-80a50013463f,1,135,43
cd3052ed-9de9-49c8-a6f5-3db374d3bcfb,1,135,43
ced1cc60-9cd8-41a9-8c0e-17c88df2081e,1,135,43
d00ba7e9-27a5-4cf6-a2f3-b85d25deb7c1,1,135,43
d12db900-361a-4e08-87db-fc8772572128,1,135,43
d9fda7e9-fdd4-4b79-923f-df7516f1354c,1,135,43
dabb109a-292c-4030-942d-44395b5ff780,1,135,43
dbd63e0e-fc1e-426b-8b91-6f4b0384c051,1,135,43
dc0b3001-544d-47e9-891f-4178971526a5,1,135,43
dd6dd115-0082-4cb4-8900-0d12039cf6ca,1,135,43
e45f7f45-d024-4489-97a6-2863f3b4c670,1,135,43
e4a58e87-5332-4337-9c77-bd3ec2546d4d,1,135,43
e52c3812-d3c0-462b-9fc5-72682ed5dda3,1,135,43
e716d7d7-97bd-4131-9cd0-c7948bd787b2,1,135,43
e7ffb43a-d2d3-4720-a4ea-56f271748f39,1,135,43
e8dc7d47-a5ac-4ae5-981e-fd10a19447ba,1,135,43
e971d1b4-7e46-4488-8080-82ef3b0ec653,1,135,43
ed0ab569-7171-4ca5-ad04-b9dd0ceb23cd,1,135,43
ed5d435b-b5e0-4f06-9c63-b597963e2733,1,135,43
edbb82f6-19cc-404c-a8eb-1c6776d4f3f7,1,135,43
ee566038-4334-4264-943a-65f3bc04488b,1,135,43
eedefda6-addb-45f5-9eba-623790a145e1,1,135,43
f045a187-bbc8-4eb2-a738-4e845a27de10,1,135,43
f11b1f00-6d43-40a4-b163-b65e2a5e5511,1,135,43
f5ae6fdd-82a6-48b1-b5a8-39aebaa9315c,1,135,43
f7047a5d-8264-4bdc-a215-a6de4fbda013,1,135,43
fa9c96d3-82fb-4b7e-a1e6-37a7a2088ed9,1,135,43
fb9b38f9-97db-4041-97b8-5019307c8590,1,135,43
fc5044a3-bde5-4f88-9f71-179cee40d35c,1,135,43
ff787e47-37a0-4eb6-8801-862010a4da9c,1,135,43
03054354-9b05-4be5-bf8d-cd79bbf247ec,1,68,43
11634d8e-bc9d-4cb4-ac20-cdfd16fbf2b9,1,68,43
1175549d-9719-4349-a765-9ca8130aeb6e,1,68,43
1431c910-3887-4e64-ba48-e47f60385c39,1,68,43
151a7f47-b390-4235-8c73-c5916d1659aa,1,68,43
258f021c-cbfc-49e3-9fe1-f9e3f429316a,1,68,43
313d287a-2cca-48e1-ad37-ee1c7dc04238,1,68,43
34a4154b-3410-4bdb-9284-af28408d980f,1,68,43
34f7a74e-5670-4865-94c7-5234aa66e315,1,68,43
358f4597-6ab7-4f5b-a8ed-5009a58c18e0,1,68,43
38c1b67c-cbe7-4fe7-8c57-a55d0ef25144,1,68,43
39902daa-010c-4cad-9197-d8fdabee7ff5,1,68,43
46ba3320-ee0e-4993-85d4-d8cc7cafb69b,1,68,43
4a0d9e2b-b00e-4d4e-917b-6c0aa4c05c2d,1,68,43
4c8455ab-23c1-42e0-9027-842531d8ba3f,1,68,43
52c2a7a3-6043-4b55-ba33-b10f3fc9ecac,1,68,43
58057642-d473-45b2-aa6c-11db414645b1,1,68,43
5b887a2a-7a7d-445c-b349-b594cbff5a80,1,68,43
5c5bdd9e-ba8b-4595-a4e0-64dd486cd111,1,68,43
62b65419-2ab1-44a5-b35d-c24e5d9a6528,1,68,43
658c7ee1-bfdf-4666-a1bc-72382ecde307,1,68,43
6b721289-4a26-4e3a-b1fa-a072e14a3f34,1,68,43
6ba87bcf-b53e-41f7-87f8-59f900290d28,1,68,43
6cacb12a-4a42-4b7a-bef6-30fe250c824e,1,68,43
731075c7-f089-4f97-a1c8-33bf8a02ac8c,1,68,43
74fe45e7-774b-4f37-beb8-803fb0892fc2,1,68,43
7c8b5c40-e5fb-4782-8c90-e1f6ebe7be7b,1,68,43
7e389c1d-5215-401e-baa8-2f1a976c520d,1,68,43
7e9f4d46-b131-40dc-8556-e2cae8f0788e,1,68,43
7fa3ac5d-0518-404d-a62b-223285829106,1,68,43
84a952ff-42d7-44b9-8e28-598657593193,1,68,43
854ab1a6-1a0d-4ed0-8660-d7298d45ccab,1,68,43
8dbe8524-6fbe-4a38-8311-f3d99f988f78,1,68,43
930e22e8-8ed7-426a-970b-74d31bfacbd8,1,68,43
93c5b333-e804-4a1c-9194-249681b67e92,1,68,43
96642dca-330d-4514-9a2e-6051eaec23be,1,68,43
9859ab27-fd40-40ad-9008-f74832130d7d,1,68,43
9c881543-6385-43cc-99a1-ccdafe405f8b,1,68,43
9d3c63e4-6f59-4425-8e50-2b63cc01f5c9,1,68,43
9f22d886-fd27-4bf3-8d00-c02bdd3e4a82,1,68,43
9f3130b7-490e-4490-ab60-e17f28cafaea,1,68,43
a20cfcab-e10b-4e50-8661-768d6c11e17c,1,68,43
a3337f68-0300-41a0-9173-008e59ecc6eb,1,68,43
a386e24c-1ab0-4a04-b257-6394585c37c4,1,68,43
a690f635-bb61-4d82-8c93-271e27df3ff7,1,68,43
ae16e345-76cb-4526-a6da-1b72d1c3e387,1,68,43
b22e9713-5da6-4f6f-b864-b2a656831f43,1,68,43
b3154ca0-a114-47ec-926d-770e6b5350f7,1,68,43
b656dd6d-5e6d-494a-a70d-5402b703b37a,1,68,43
be372bea-cc32-4c4a-9301-f88f8a7cca3e,1,68,43
c159de98-c346-4434-b90a-36ac1e6cfcbe,1,68,43
c3dc5a27-f76b-46a3-b9c9-644d35a66baf,1,68,43
cd3052ed-9de9-49c8-a6f5-3db374d3bcfb,1,68,43
e45f7f45-d024-4489-97a6-2863f3b4c670,1,68,43
e4a58e87-5332-4337-9c77-bd3ec2546d4d,1,68,43
e716d7d7-97bd-4131-9cd0-c7948bd787b2,1,68,43
e7ffb43a-d2d3-4720-a4ea-56f271748f39,1,68,43
e8dc7d47-a5ac-4ae5-981e-fd10a19447ba,1,68,43
e971d1b4-7e46-4488-8080-82ef3b0ec653,1,68,43
ed0ab569-7171-4ca5-ad04-b9dd0ceb23cd,1,68,43
ed5d435b-b5e0-4f06-9c63-b597963e2733,1,68,43
edbb82f6-19cc-404c-a8eb-1c6776d4f3f7,1,68,43
ee566038-4334-4264-943a-65f3bc04488b,1,68,43
f045a187-bbc8-4eb2-a738-4e845a27de10,1,68,43
f7047a5d-8264-4bdc-a215-a6de4fbda013,1,68,43
fa9c96d3-82fb-4b7e-a1e6-37a7a2088ed9,1,68,43
fb9b38f9-97db-4041-97b8-5019307c8590,1,68,43
ff787e47-37a0-4eb6-8801-862010a4da9c,1,68,43
02a304e6-2aed-4acf-852e-7668cac5df0e,2,270,44
03054354-9b05-4be5-bf8d-cd79bbf247ec,2,270,44
040cb677-7c58-4053-a00b-8dd16d772c5e,2,270,44
047772f6-5452-4924-abe6-1e9a2ed22e47,2,270,44
06b75511-3a20-42df-9e87-3f190661d14a,2,270,44
07eaeb96-794b-4dee-b14a-33c2d084150b,2,270,44
0965fc05-846f-48c0-8907-422b984a704c,2,270,44
0da45e00-4b82-44a9-8bea-3dfc85f01953,2,270,44
0ed26b13-486c-470c-9860-36b6b55f923e,2,270,44
0efe7025-8eec-462a-a3aa-9a9d14480cce,2,270,44
10c891b9-d612-45c0-9518-e3e5a823cf7d,2,270,44
11634d8e-bc9d-4cb4-ac20-cdfd16fbf2b9,2,270,44
1175549d-9719-4349-a765-9ca8130aeb6e,2,270,44
13937779-7b08-4dc9-aff5-13a219dffd60,2,270,44
1431c910-3887-4e64-ba48-e47f60385c39,2,270,44
148111c0-9375-49a6-964d-518385461d7e,2,270,44
151a7f47-b390-4235-8c73-c5916d1659aa,2,270,44
1689b63f-3d0e-4f58-8ea5-5a9dc9e08a38,2,270,44
16bf0e47-6768-4e0e-9bcd-de57b2d799c0,2,270,44
1746dd6c-8bde-4fce-9f9e-aa9ca915eef5,2,270,44
175ca57b-0ba9-445f-b60a-b9f628980515,2,270,44
190b1b48-d8d8-4c47-98d2-4518081512b8,2,270,44
1a807bbc-f946-4af0-92c6-d5feecb0cbf8,2,270,44
1c87b9e0-8646-4a38-a537-bf9dc4c50c55,2,270,44
1ce1c89a-8bd0-4328-854f-25415ce28dfd,2,270,44
1eb3933e-609b-45ad-b02e-8755d2bb7376,2,270,44
1fedc485-4420-480d-a24f-d1288adc55d6,2,270,44
203debb5-f923-4520-b35a-f2d5198dcd6d,2,270,44
22944e66-f049-44ee-b8e7-1c0a7c0bd242,2,270,44
230abee8-0309-484a-ab2f-84db9615a4e8,2,270,44
23823d88-fab8-4740-b68b-039d30ce4975,2,270,44
24042442-fc90-4438-be62-76fffb2f3145,2,270,44
249d0a3d-c4ef-4293-bf9c-a6ef850f1888,2,270,44
258f021c-cbfc-49e3-9fe1-f9e3f429316a,2,270,44
2623c358-878c-4e38-b3fa-07f4bc89b80f,2,270,44
269e37f1-dcc3-46b1-b912-06c5ba5acfbf,2,270,44
280e137c-31a4-4830-8868-4553e9c9ab95,2,270,44
2b3fa638-0c81-40fe-bd37-1032c26d623b,2,270,44
2ddaad55-4cf3-437e-a78b-ae5b75b4e85e,2,270,44
2e415d0e-b682-4ffc-9bdb-4cb8f83ac927,2,270,44
2ea3bd54-37f8-4dfc-82e0-5b2cd8e27cc6,2,270,44
2ed92760-99b6-47fd-be37-a1b54969a64f,2,270,44
2ef5086a-5c0f-4404-a1dc-d2b86643dab4,2,270,44
2faffb7f-3935-4b37-b54d-e0ae31f96b6d,2,270,44
2fe50acf-e1f9-4ef0-acb0-e5997245e5f8,2,270,44
305e769f-0b0e-4067-8571-038fc8b3d54f,2,270,44
313d287a-2cca-48e1-ad37-ee1c7dc04238,2,270,44
330a2f5c-6649-4512-bc10-9948b94c482f,2,270,44
341290fb-6762-4515-b5d8-9e25d7d8488a,2,270,44
34a4154b-3410-4bdb-9284-af28408d980f,2,270,44
34f7a74e-5670-4865-94c7-5234aa66e315,2,270,44
358f4597-6ab7-4f5b-a8ed-5009a58c18e0,2,270,44
36940271-c026-4760-b7c2-87f6b839b21e,2,270,44
36d58f25-198f-42e9-b73f-b811f4a287c6,2,270,44
38b5c0ff-6d50-457f-85cb-a74ecac75815,2,270,44
38c1b67c-cbe7-4fe7-8c57-a55d0ef25144,2,270,44
395c0c47-2887-454e-b66d-a15ea5a16b39,2,270,44
39902daa-010c-4cad-9197-d8fdabee7ff5,2,270,44
3b137c95-f9da-41a3-a805-e681386d382c,2,270,44
3e6d9595-050b-4e0d-9d9e-cd84d95cc35f,2,270,44
3e91704b-cdda-4bf7-83ff-49fa2050f3aa,2,270,44
42a753ac-dad5-44bd-9387-77c48c983ff8,2,270,44
43a64c33-6cb1-42ed-bf99-04c228c2880c,2,270,44
44812a4f-4e9d-417c-9cfd-9921e2669477,2,270,44
44b3801b-2c42-4581-b3a2-47d8c80c90a3,2,270,44
46ba3320-ee0e-4993-85d4-d8cc7cafb69b,2,270,44
4701cfd1-807d-478c-8921-4581d8f4816b,2,270,44
478addb2-6a87-45fe-a3a3-08e00faed564,2,270,44
4842c879-c472-4a83-99c2-a8fb04cd1531,2,270,44
48a31764-7c25-4ed1-b363-e0eb9d59f1ee,2,270,44
4a0d9e2b-b00e-4d4e-917b-6c0aa4c05c2d,2,270,44
4c8455ab-23c1-42e0-9027-842531d8ba3f,2,270,44
4cecf418-e921-4e31-8c95-8ac88cf5a18d,2,270,44
4d8063ad-3d76-4429-9286-6b40e0cb1587,2,270,44
50dc11c8-d44f-495a-9647-5bd782f5953a,2,270,44
52c2a7a3-6043-4b55-ba33-b10f3fc9ecac,2,270,44
562be90d-b7fb-4e89-ac5a-1f4fbf6f5f86,2,270,44
564fb021-97fa-4d80-9c3d-b14660070027,2,270,44
57a47b80-212c-461c-9d44-9af057227780,2,270,44
58057642-d473-45b2-aa6c-11db414645b1,2,270,44
59ac5797-7b5d-44af-a6d8-6d6b59da2544,2,270,44
5b6953a9-7833-494b-b5a5-742b6183a4b8,2,270,44
5b7e9746-012a-4d82-ad24-31c2434b7816,2,270,44
5b887a2a-7a7d-445c-b349-b594cbff5a80,2,270,44
5c5bdd9e-ba8b-4595-a4e0-64dd486cd111,2,270,44
5f6cda53-61c7-4425-9aeb-997463692ed2,2,270,44
62b65419-2ab1-44a5-b35d-c24e5d9a6528,2,270,44
638f7f71-e566-4e1a-900e-e8506882844a,2,270,44
658c7ee1-bfdf-4666-a1bc-72382ecde307,2,270,44
68e2af1d-c2ba-4ff1-86a8-dc3f2e862440,2,270,44
6a085c9c-718f-4d57-afc1-024ad0825f13,2,270,44
6b721289-4a26-4e3a-b1fa-a072e14a3f34,2,270,44
6ba87bcf-b53e-41f7-87f8-59f900290d28,2,270,44
6bd46752-1212-4df7-be56-3009a9610e34,2,270,44
6c005d28-61f1-4c6c-9425-1954c7949bd3,2,270,44
6cacb12a-4a42-4b7a-bef6-30fe250c824e,2,270,44
6d78de36-7d86-40a4-81d5-11b1eecf5464,2,270,44
6df06e3b-de96-4e28-94cd-0b94de5e9c48,2,270,44
6e73d625-ea96-4e5a-a0c7-76ee1ba5ff59,2,270,44
6ef36985-8b88-450a-b15d-cbca7958e0c9,2,270,44
7069534c-c71a-4998-8f6a-05c2c83887f2,2,270,44
71cc8832-0dd3-4dd2-896d-6a160c1cd678,2,270,44
720d9762-c353-41d1-8933-fe490951e189,2,270,44
728e394b-83b1-4af6-a140-56d3ceb8faf9,2,270,44
731075c7-f089-4f97-a1c8-33bf8a02ac8c,2,270,44
73f6f490-f4ed-4644-b8d3-5b947751d9c8,2,270,44
74fe45e7-774b-4f37-beb8-803fb0892fc2,2,270,44
775dd45d-a96e-407b-9ea9-34f961b46c4e,2,270,44
77dba24b-1de0-43e7-b6f0-61514876b051,2,270,44
78d530ac-3db2-44b1-97ee-f87030fb2484,2,270,44
7ab7c22a-548d-4c57-92d4-36d1297ed9cd,2,270,44
7c2b03a1-800c-4e0c-ad0b-72511e6b0242,2,270,44
7c8b5c40-e5fb-4782-8c90-e1f6ebe7be7b,2,270,44
7da0aebb-e114-410f-aa76-2c1878f6ee3c,2,270,44
7e1a57e3-6c91-48f2-8924-2a1e814c49b3,2,270,44
7e389c1d-5215-401e-baa8-2f1a976c520d,2,270,44
7e9f4d46-b131-40dc-8556-e2cae8f0788e,2,270,44
7ed55854-9ef5-4561-bd90-bb7824055385,2,270,44
7fa3ac5d-0518-404d-a62b-223285829106,2,270,44
7fe09bd7-8e9f-4f02-a8fd-5e436113db59,2,270,44
80025e18-b913-4f35-8f46-da42eff37c37,2,270,44
81314f17-acf2-48b6-8eb8-dbb86642dbe7,2,270,44
8148d515-1fec-4ad9-9c49-c7ab59e3892c,2,270,44
8153e4a8-c7d2-43b1-a447-78a42fc2c5f7,2,270,44
81b07a6a-d13d-4352-9363-5e784c025796,2,270,44
826822c3-441b-4eb6-8a0b-7d0d73ff2dba,2,270,44
84a952ff-42d7-44b9-8e28-598657593193,2,270,44
854ab1a6-1a0d-4ed0-8660-d7298d45ccab,2,270,44
8687a886-eef2-48ea-a182-cb907fbfa53b,2,270,44
86e80a2a-8588-4f2f-ba32-6cb43ca8f876,2,270,44
8724762a-fe49-49c8-90d0-132947e5a792,2,270,44
878d39ff-b839-4eb4-8afe-f2e00bcdd288,2,270,44
888ca8da-0ef1-4eff-812e-01544b42302a,2,270,44
88f6db3b-d914-45fa-93d4-84ab9cb6eb51,2,270,44
89a8258b-e4e1-477f-b4b3-cf76951c9bb9,2,270,44
8a5b501d-4c05-46a6-bd20-09c088d803f1,2,270,44
8a755be8-4447-40d8-a4dc-570cfac283a3,2,270,44
8bcf379b-8f24-4e25-ad0b-be84c7792922,2,270,44
8c4b185d-70b8-4429-a3bb-bc3482fe16c2,2,270,44
8c575ea4-ab86-4fed-8019-bd2e8bbcbb0b,2,270,44
8dbe8524-6fbe-4a38-8311-f3d99f988f78,2,270,44
8f158e3c-fe94-400c-a03b-e2c049a9d401,2,270,44
90df9fe4-6be8-4c7b-9362-ea24aebe8f59,2,270,44
929312b9-217e-48d3-9b99-37e69ab894f9,2,270,44
92ce448b-2a99-42d9-ad24-279b004f36a1,2,270,44
930e22e8-8ed7-426a-970b-74d31bfacbd8,2,270,44
93c5b333-e804-4a1c-9194-249681b67e92,2,270,44
93f17a9a-fd0f-4890-bdd3-7555860f1b9d,2,270,44
95210bbb-b760-43cc-8810-889654262981,2,270,44
95c52c78-2446-414a-8379-877bd54b3740,2,270,44
96642dca-330d-4514-9a2e-6051eaec23be,2,270,44
96c46175-c164-4fa2-8417-3e7efde4b8e6,2,270,44
9859ab27-fd40-40ad-9008-f74832130d7d,2,270,44
9971cdc8-d1dc-4eab-8524-803ba55f77f8,2,270,44
9a1d3fdd-064e-46d1-a007-16b87efe4212,2,270,44
9a3527c9-a508-49a1-b95e-d5b0e39b287e,2,270,44
9c4190ae-2f4c-463d-9e15-35fe3ee6149b,2,270,44
9c7e5362-8661-4b9d-a839-25b47d3e11c5,2,270,44
9c881543-6385-43cc-99a1-ccdafe405f8b,2,270,44
9ce3cf43-5031-49b6-bba0-7bce38fc496a,2,270,44
9d3c63e4-6f59-4425-8e50-2b63cc01f5c9,2,270,44
9dae28fa-4ed6-4862-bf8f-090e9ba8440c,2,270,44
9ea87026-6601-49eb-87a0-94b586402065,2,270,44
9f22d886-fd27-4bf3-8d00-c02bdd3e4a82,2,270,44
9f3130b7-490e-4490-ab60-e17f28cafaea,2,270,44
9fee5004-2353-4d61-8b92-77e9caada705,2,270,44
a0b77939-86ee-4ecd-a6b2-715e5c06f5fe,2,270,44
a102f96c-5087-426c-8aef-8ce6160d5e3e,2,270,44
a20ce691-9f55-4b73-a97b-1d81d20e9388,2,270,44
a20cfcab-e10b-4e50-8661-768d6c11e17c,2,270,44
a3337f68-0300-41a0-9173-008e59ecc6eb,2,270,44
a386e24c-1ab0-4a04-b257-6394585c37c4,2,270,44
a60b9513-3dfc-48bc-9474-5530798c4a7a,2,270,44
a690f635-bb61-4d82-8c93-271e27df3ff7,2,270,44
a6bf39fb-f649-4130-a7ee-9b83c116d2b2,2,270,44
a86c9808-765f-4f39-8c90-f7082db688cd,2,270,44
a8e70158-b215-44f9-aa0d-18e80f652b2c,2,270,44
a909d9d9-cc5e-4698-ba55-6098543818fb,2,270,44
a9adf7bd-a905-490b-9adb-21614d6401b5,2,270,44
a9dc17c6-bb9c-4584-8195-eb902bcd04ad,2,270,44
ab5fb9a3-56b3-4080-ba96-9ba6b10510bd,2,270,44
ac9ea9c2-e757-46d6-a6fc-431894f63cbe,2,270,44
ae16e345-76cb-4526-a6da-1b72d1c3e387,2,270,44
b15b6519-4e6e-4404-a0b1-439e0dbc7bbf,2,270,44
b19480ca-2054-4126-b612-dc8e24949951,2,270,44
b22e9713-5da6-4f6f-b864-b2a656831f43,2,270,44
b2e7bb5b-3333-4413-9770-fa75b1f4def8,2,270,44
b3154ca0-a114-47ec-926d-770e6b5350f7,2,270,44
b35dba00-e436-4974-8844-39cad879a16e,2,270,44
b3686abc-3432-4534-858c-9afcd2376b9d,2,270,44
b656dd6d-5e6d-494a-a70d-5402b703b37a,2,270,44
b6cf4d6a-8c55-4ad5-95ca-30c7c3cd637d,2,270,44
b74d90b7-123f-4106-8c83-aeef3c98d8f2,2,270,44
b949bb13-9298-4881-bb4c-a62002131f6f,2,270,44
baa3c8ea-e5ff-4339-9035-19579f91bc13,2,270,44
bacb4c37-72db-4faf-bbfc-6cfb505f2726,2,270,44
bae6feff-3be9-4517-b777-da1c5b489d91,2,270,44
bc677534-38cf-44a7-b6a9-9a01811f01c6,2,270,44
bcf76177-f0f1-422c-b4b2-bd66bf2724e7,2,270,44
bd79e8e7-286b-4b6e-9829-0bdac82d743b,2,270,44
be372bea-cc32-4c4a-9301-f88f8a7cca3e,2,270,44
bebb3ab6-af9e-4bc0-88d4-5887f873b06d,2,270,44
bfae1ed6-dfa1-41e3-9793-704587b4e8ed,2,270,44
c0250d95-7edd-4f87-ba8a-992c7f588611,2,270,44
c08747d0-ca96-4ad6-8674-6622df9c38bf,2,270,44
c159de98-c346-4434-b90a-36ac1e6cfcbe,2,270,44
c17b8522-18b7-4d5d-9c4d-7e78685792d8,2,270,44
c3dc5a27-f76b-46a3-b9c9-644d35a66baf,2,270,44
c4709111-5fe5-4c3c-9759-83b589665e13,2,270,44
c494c3c9-77af-4dc7-a108-a65a83ffe74c,2,270,44
c49833d2-03b7-4136-b036-aa6c5128be7d,2,270,44
c4e6b96f-3add-46c8-9d79-dc26c13480e7,2,270,44
c6d76a8b-4d85-4b1d-9393-5908463ac316,2,270,44
c744dd15-9566-41a9-b203-5fa564a4c8a2,2,270,44
c7c4eef0-afc1-4248-8773-cd3922ff30ab,2,270,44
cca97dba-f3e2-42f5-a1ec-80a50013463f,2,270,44
cd3052ed-9de9-49c8-a6f5-3db374d3bcfb,2,270,44
ce9301c9-1a42-440f-b294-bbd0199eefda,2,270,44
ced1cc60-9cd8-41a9-8c0e-17c88df2081e,2,270,44
cf1977ac-3c54-4b25-8a6b-8c2e40c5f418,2,270,44
d00ba7e9-27a5-4cf6-a2f3-b85d25deb7c1,2,270,44
d12db900-361a-4e08-87db-fc8772572128,2,270,44
d191532f-e666-4d07-a834-59355a43a688,2,270,44
d5d9929f-2ad3-4be8-9abb-9b715d288565,2,270,44
d6cdcc52-a5ad-455b-b8d2-7185d3d6d0e5,2,270,44
d92ea2d3-bf8b-4ff4-858e-8748fb63f0cd,2,270,44
d9fda7e9-fdd4-4b79-923f-df7516f1354c,2,270,44
dabb109a-292c-4030-942d-44395b5ff780,2,270,44
dafce578-796e-4b13-bdcc-be13d2888c14,2,270,44
dbd63e0e-fc1e-426b-8b91-6f4b0384c051,2,270,44
dbd88317-32e5-4c68-9e30-8140c4dd447c,2,270,44
dc0b3001-544d-47e9-891f-4178971526a5,2,270,44
dc1a8c4e-c8e6-48f0-8ff5-c6a84bc5642d,2,270,44
dd6dd115-0082-4cb4-8900-0d12039cf6ca,2,270,44
df775a8c-5f8e-4f3c-a97a-f543f3091e54,2,270,44
e45f7f45-d024-4489-97a6-2863f3b4c670,2,270,44
e4a58e87-5332-4337-9c77-bd3ec2546d4d,2,270,44
e52c3812-d3c0-462b-9fc5-72682ed5dda3,2,270,44
e58d8903-194a-46fe-ac65-96c718b04871,2,270,44
e6182784-3046-466f-9ec5-a12acd71829e,2,270,44
e62f9833-0b61-4dfa-a925-30adcd8a8860,2,270,44
e716d7d7-97bd-4131-9cd0-c7948bd787b2,2,270,44
e7ffb43a-d2d3-4720-a4ea-56f271748f39,2,270,44
e8965a18-1171-457a-b96b-10689a55b9a3,2,270,44
e8dc7d47-a5ac-4ae5-981e-fd10a19447ba,2,270,44
e971d1b4-7e46-4488-8080-82ef3b0ec653,2,270,44
ed0a5e57-60e6-4fec-84a6-d8acd6080468,2,270,44
ed0ab569-7171-4ca5-ad04-b9dd0ceb23cd,2,270,44
ed5d435b-b5e0-4f06-9c63-b597963e2733,2,270,44
edbb82f6-19cc-404c-a8eb-1c6776d4f3f7,2,270,44
ee566038-4334-4264-943a-65f3bc04488b,2,270,44
eedefda6-addb-45f5-9eba-623790a145e1,2,270,44
ef0dd6b5-841f-42fe-b312-d9634fdcbb71,2,270,44
f045a187-bbc8-4eb2-a738-4e845a27de10,2,270,44
f090aa86-4902-4b1c-84c1-e1ebe87aa99d,2,270,44
f11b1f00-6d43-40a4-b163-b65e2a5e5511,2,270,44
f5ae6fdd-82a6-48b1-b5a8-39aebaa9315c,2,270,44
f7047a5d-8264-4bdc-a215-a6de4fbda013,2,270,44
f7ba54ba-3e57-49b3-885f-acc1256a7825,2,270,44
f90481a9-6fa8-4037-b9c3-aa2cc1d4078c,2,270,44
fa124ebb-efa9-44ba-b5f3-d0327790986e,2,270,44
fa9c96d3-82fb-4b7e-a1e6-37a7a2088ed9,2,270,44
fb9b38f9-97db-4041-97b8-5019307c8590,2,270,44
fc5044a3-bde5-4f88-9f71-179cee40d35c,2,270,44
fd3ccc65-48ef-4ee9-b02f-f385988a6cb9,2,270,44
fd646558-0d80-4de4-909c-e2e5c0a5a6c0,2,270,44
fe322528-0046-40cc-a6b0-5e696d61f4b4,2,270,44
ff787e47-37a0-4eb6-8801-862010a4da9c,2,270,44
ffa5b5e7-f015-43c3-82e2-972931eb0b3c,2,270,44
ffe389e1-658d-4f6a-a971-11d1de4fe608,2,270,44
02a304e6-2aed-4acf-852e-7668cac5df0e,2,135,44
040cb677-7c58-4053-a00b-8dd16d772c5e,2,135,44
06b75511-3a20-42df-9e87-3f190661d14a,2,135,44
07eaeb96-794b-4dee-b14a-33c2d084150b,2,135,44
0da45e00-4b82-44a9-8bea-3dfc85f01953,2,135,44
0ed26b13-486c-470c-9860-36b6b55f923e,2,135,44
0efe7025-8eec-462a-a3aa-9a9d14480cce,2,135,44
11634d8e-bc9d-4cb4-ac20-cdfd16fbf2b9,2,135,44
1689b63f-3d0e-4f58-8ea5-5a9dc9e08a38,2,135,44
16bf0e47-6768-4e0e-9bcd-de57b2d799c0,2,135,44
1c87b9e0-8646-4a38-a537-bf9dc4c50c55,2,135,44
1eb3933e-609b-45ad-b02e-8755d2bb7376,2,135,44
1fedc485-4420-480d-a24f-d1288adc55d6,2,135,44
203debb5-f923-4520-b35a-f2d5198dcd6d,2,135,44
22944e66-f049-44ee-b8e7-1c0a7c0bd242,2,135,44
230abee8-0309-484a-ab2f-84db9615a4e8,2,135,44
23823d88-fab8-4740-b68b-039d30ce4975,2,135,44
24042442-fc90-4438-be62-76fffb2f3145,2,135,44
258f021c-cbfc-49e3-9fe1-f9e3f429316a,2,135,44
2623c358-878c-4e38-b3fa-07f4bc89b80f,2,135,44
280e137c-31a4-4830-8868-4553e9c9ab95,2,135,44
2b3fa638-0c81-40fe-bd37-1032c26d623b,2,135,44
2ddaad55-4cf3-437e-a78b-ae5b75b4e85e,2,135,44
2e415d0e-b682-4ffc-9bdb-4cb8f83ac927,2,135,44
2ef5086a-5c0f-4404-a1dc-d2b86643dab4,2,135,44
305e769f-0b0e-4067-8571-038fc8b3d54f,2,135,44
313d287a-2cca-48e1-ad37-ee1c7dc04238,2,135,44
36940271-c026-4760-b7c2-87f6b839b21e,2,135,44
36d58f25-198f-42e9-b73f-b811f4a287c6,2,135,44
38b5c0ff-6d50-457f-85cb-a74ecac75815,2,135,44
395c0c47-2887-454e-b66d-a15ea5a16b39,2,135,44
39902daa-010c-4cad-9197-d8fdabee7ff5,2,135,44
3e91704b-cdda-4bf7-83ff-49fa2050f3aa,2,135,44
43a64c33-6cb1-42ed-bf99-04c228c2880c,2,135,44
44812a4f-4e9d-417c-9cfd-9921e2669477,2,135,44
44b3801b-2c42-4581-b3a2-47d8c80c90a3,2,135,44
46ba3320-ee0e-4993-85d4-d8cc7cafb69b,2,135,44
4701cfd1-807d-478c-8921-4581d8f4816b,2,135,44
48a31764-7c25-4ed1-b363-e0eb9d59f1ee,2,135,44
4c8455ab-23c1-42e0-9027-842531d8ba3f,2,135,44
50dc11c8-d44f-495a-9647-5bd782f5953a,2,135,44
57a47b80-212c-461c-9d44-9af057227780,2,135,44
58057642-d473-45b2-aa6c-11db414645b1,2,135,44
5b6953a9-7833-494b-b5a5-742b6183a4b8,2,135,44
62b65419-2ab1-44a5-b35d-c24e5d9a6528,2,135,44
658c7ee1-bfdf-4666-a1bc-72382ecde307,2,135,44
68e2af1d-c2ba-4ff1-86a8-dc3f2e862440,2,135,44
6a085c9c-718f-4d57-afc1-024ad0825f13,2,135,44
6ba87bcf-b53e-41f7-87f8-59f900290d28,2,135,44
6cacb12a-4a42-4b7a-bef6-30fe250c824e,2,135,44
6e73d625-ea96-4e5a-a0c7-76ee1ba5ff59,2,135,44
6ef36985-8b88-450a-b15d-cbca7958e0c9,2,135,44
7069534c-c71a-4998-8f6a-05c2c83887f2,2,135,44
71cc8832-0dd3-4dd2-896d-6a160c1cd678,2,135,44
728e394b-83b1-4af6-a140-56d3ceb8faf9,2,135,44
731075c7-f089-4f97-a1c8-33bf8a02ac8c,2,135,44
7ab7c22a-548d-4c57-92d4-36d1297ed9cd,2,135,44
7c2b03a1-800c-4e0c-ad0b-72511e6b0242,2,135,44
7c8b5c40-e5fb-4782-8c90-e1f6ebe7be7b,2,135,44
7e9f4d46-b131-40dc-8556-e2cae8f0788e,2,135,44
81314f17-acf2-48b6-8eb8-dbb86642dbe7,2,135,44
8153e4a8-c7d2-43b1-a447-78a42fc2c5f7,2,135,44
826822c3-441b-4eb6-8a0b-7d0d73ff2dba,2,135,44
888ca8da-0ef1-4eff-812e-01544b42302a,2,135,44
89a8258b-e4e1-477f-b4b3-cf76951c9bb9,2,135,44
8a5b501d-4c05-46a6-bd20-09c088d803f1,2,135,44
8a755be8-4447-40d8-a4dc-570cfac283a3,2,135,44
8c575ea4-ab86-4fed-8019-bd2e8bbcbb0b,2,135,44
8dbe8524-6fbe-4a38-8311-f3d99f988f78,2,135,44
8f158e3c-fe94-400c-a03b-e2c049a9d401,2,135,44
90df9fe4-6be8-4c7b-9362-ea24aebe8f59,2,135,44
929312b9-217e-48d3-9b99-37e69ab894f9,2,135,44
930e22e8-8ed7-426a-970b-74d31bfacbd8,2,135,44
93c5b333-e804-4a1c-9194-249681b67e92,2,135,44
93f17a9a-fd0f-4890-bdd3-7555860f1b9d,2,135,44
95210bbb-b760-43cc-8810-889654262981,2,135,44
96c46175-c164-4fa2-8417-3e7efde4b8e6,2,135,44
9a1d3fdd-064e-46d1-a007-16b87efe4212,2,135,44
9dae28fa-4ed6-4862-bf8f-090e9ba8440c,2,135,44
9fee5004-2353-4d61-8b92-77e9caada705,2,135,44
a0b77939-86ee-4ecd-a6b2-715e5c06f5fe,2,135,44
a20ce691-9f55-4b73-a97b-1d81d20e9388,2,135,44
a20cfcab-e10b-4e50-8661-768d6c11e17c,2,135,44
a386e24c-1ab0-4a04-b257-6394585c37c4,2,135,44
a60b9513-3dfc-48bc-9474-5530798c4a7a,2,135,44
a6bf39fb-f649-4130-a7ee-9b83c116d2b2,2,135,44
a86c9808-765f-4f39-8c90-f7082db688cd,2,135,44
a8e70158-b215-44f9-aa0d-18e80f652b2c,2,135,44
a909d9d9-cc5e-4698-ba55-6098543818fb,2,135,44
a9adf7bd-a905-490b-9adb-21614d6401b5,2,135,44
a9dc17c6-bb9c-4584-8195-eb902bcd04ad,2,135,44
ae16e345-76cb-4526-a6da-1b72d1c3e387,2,135,44
b15b6519-4e6e-4404-a0b1-439e0dbc7bbf,2,135,44
b19480ca-2054-4126-b612-dc8e24949951,2,135,44
b22e9713-5da6-4f6f-b864-b2a656831f43,2,135,44
b2e7bb5b-3333-4413-9770-fa75b1f4def8,2,135,44
b3154ca0-a114-47ec-926d-770e6b5350f7,2,135,44
b35dba00-e436-4974-8844-39cad879a16e,2,135,44
b3686abc-3432-4534-858c-9afcd2376b9d,2,135,44
b949bb13-9298-4881-bb4c-a62002131f6f,2,135,44
bacb4c37-72db-4faf-bbfc-6cfb505f2726,2,135,44
bc677534-38cf-44a7-b6a9-9a01811f01c6,2,135,44
bcf76177-f0f1-422c-b4b2-bd66bf2724e7,2,135,44
bd79e8e7-286b-4b6e-9829-0bdac82d743b,2,135,44
be372bea-cc32-4c4a-9301-f88f8a7cca3e,2,135,44
c0250d95-7edd-4f87-ba8a-992c7f588611,2,135,44
c159de98-c346-4434-b90a-36ac1e6cfcbe,2,135,44
c494c3c9-77af-4dc7-a108-a65a83ffe74c,2,135,44
c49833d2-03b7-4136-b036-aa6c5128be7d,2,135,44
c6d76a8b-4d85-4b1d-9393-5908463ac316,2,135,44
cd3052ed-9de9-49c8-a6f5-3db374d3bcfb,2,135,44
ce9301c9-1a42-440f-b294-bbd0199eefda,2,135,44
d12db900-361a-4e08-87db-fc8772572128,2,135,44
d6cdcc52-a5ad-455b-b8d2-7185d3d6d0e5,2,135,44
d92ea2d3-bf8b-4ff4-858e-8748fb63f0cd,2,135,44
dabb109a-292c-4030-942d-44395b5ff780,2,135,44
dafce578-796e-4b13-bdcc-be13d2888c14,2,135,44
dbd63e0e-fc1e-426b-8b91-6f4b0384c051,2,135,44
dbd88317-32e5-4c68-9e30-8140c4dd447c,2,135,44
dc0b3001-544d-47e9-891f-4178971526a5,2,135,44
dd6dd115-0082-4cb4-8900-0d12039cf6ca,2,135,44
e45f7f45-d024-4489-97a6-2863f3b4c670,2,135,44
e52c3812-d3c0-462b-9fc5-72682ed5dda3,2,135,44
e62f9833-0b61-4dfa-a925-30adcd8a8860,2,135,44
e716d7d7-97bd-4131-9cd0-c7948bd787b2,2,135,44
e7ffb43a-d2d3-4720-a4ea-56f271748f39,2,135,44
e8965a18-1171-457a-b96b-10689a55b9a3,2,135,44
ed0a5e57-60e6-4fec-84a6-d8acd6080468,2,135,44
ed0ab569-7171-4ca5-ad04-b9dd0ceb23cd,2,135,44
ed5d435b-b5e0-4f06-9c63-b597963e2733,2,135,44
edbb82f6-19cc-404c-a8eb-1c6776d4f3f7,2,135,44
ef0dd6b5-841f-42fe-b312-d9634fdcbb71,2,135,44
f7047a5d-8264-4bdc-a215-a6de4fbda013,2,135,44
fa124ebb-efa9-44ba-b5f3-d0327790986e,2,135,44
ffe389e1-658d-4f6a-a971-11d1de4fe608,2,135,44
0ed26b13-486c-470c-9860-36b6b55f923e,2,68,44
16bf0e47-6768-4e0e-9bcd-de57b2d799c0,2,68,44
1eb3933e-609b-45ad-b02e-8755d2bb7376,2,68,44
203debb5-f923-4520-b35a-f2d5198dcd6d,2,68,44
22944e66-f049-44ee-b8e7-1c0a7c0bd242,2,68,44
2623c358-878c-4e38-b3fa-07f4bc89b80f,2,68,44
2e415d0e-b682-4ffc-9bdb-4cb8f83ac927,2,68,44
36940271-c026-4760-b7c2-87f6b839b21e,2,68,44
36d58f25-198f-42e9-b73f-b811f4a287c6,2,68,44
38b5c0ff-6d50-457f-85cb-a74ecac75815,2,68,44
3e91704b-cdda-4bf7-83ff-49fa2050f3aa,2,68,44
44812a4f-4e9d-417c-9cfd-9921e2669477,2,68,44
44b3801b-2c42-4581-b3a2-47d8c80c90a3,2,68,44
4701cfd1-807d-478c-8921-4581d8f4816b,2,68,44
4c8455ab-23c1-42e0-9027-842531d8ba3f,2,68,44
50dc11c8-d44f-495a-9647-5bd782f5953a,2,68,44
57a47b80-212c-461c-9d44-9af057227780,2,68,44
58057642-d473-45b2-aa6c-11db414645b1,2,68,44
5b6953a9-7833-494b-b5a5-742b6183a4b8,2,68,44
658c7ee1-bfdf-4666-a1bc-72382ecde307,2,68,44
6a085c9c-718f-4d57-afc1-024ad0825f13,2,68,44
6cacb12a-4a42-4b7a-bef6-30fe250c824e,2,68,44
6e73d625-ea96-4e5a-a0c7-76ee1ba5ff59,2,68,44
7069534c-c71a-4998-8f6a-05c2c83887f2,2,68,44
728e394b-83b1-4af6-a140-56d3ceb8faf9,2,68,44
731075c7-f089-4f97-a1c8-33bf8a02ac8c,2,68,44
7c8b5c40-e5fb-4782-8c90-e1f6ebe7be7b,2,68,44
826822c3-441b-4eb6-8a0b-7d0d73ff2dba,2,68,44
888ca8da-0ef1-4eff-812e-01544b42302a,2,68,44
8a755be8-4447-40d8-a4dc-570cfac283a3,2,68,44
8c575ea4-ab86-4fed-8019-bd2e8bbcbb0b,2,68,44
8dbe8524-6fbe-4a38-8311-f3d99f988f78,2,68,44
8f158e3c-fe94-400c-a03b-e2c049a9d401,2,68,44
90df9fe4-6be8-4c7b-9362-ea24aebe8f59,2,68,44
929312b9-217e-48d3-9b99-37e69ab894f9,2,68,44
930e22e8-8ed7-426a-970b-74d31bfacbd8,2,68,44
93c5b333-e804-4a1c-9194-249681b67e92,2,68,44
95210bbb-b760-43cc-8810-889654262981,2,68,44
96c46175-c164-4fa2-8417-3e7efde4b8e6,2,68,44
9a1d3fdd-064e-46d1-a007-16b87efe4212,2,68,44
9dae28fa-4ed6-4862-bf8f-090e9ba8440c,2,68,44
a0b77939-86ee-4ecd-a6b2-715e5c06f5fe,2,68,44
a20ce691-9f55-4b73-a97b-1d81d20e9388,2,68,44
a20cfcab-e10b-4e50-8661-768d6c11e17c,2,68,44
a86c9808-765f-4f39-8c90-f7082db688cd,2,68,44
a9dc17c6-bb9c-4584-8195-eb902bcd04ad,2,68,44
ae16e345-76cb-4526-a6da-1b72d1c3e387,2,68,44
b19480ca-2054-4126-b612-dc8e24949951,2,68,44
b3686abc-3432-4534-858c-9afcd2376b9d,2,68,44
bacb4c37-72db-4faf-bbfc-6cfb505f2726,2,68,44
bcf76177-f0f1-422c-b4b2-bd66bf2724e7,2,68,44
be372bea-cc32-4c4a-9301-f88f8a7cca3e,2,68,44
c0250d95-7edd-4f87-ba8a-992c7f588611,2,68,44
c159de98-c346-4434-b90a-36ac1e6cfcbe,2,68,44
c494c3c9-77af-4dc7-a108-a65a83ffe74c,2,68,44
c49833d2-03b7-4136-b036-aa6c5128be7d,2,68,44
c6d76a8b-4d85-4b1d-9393-5908463ac316,2,68,44
cd3052ed-9de9-49c8-a6f5-3db374d3bcfb,2,68,44
d12db900-361a-4e08-87db-fc8772572128,2,68,44
dafce578-796e-4b13-bdcc-be13d2888c14,2,68,44
dbd63e0e-fc1e-426b-8b91-6f4b0384c051,2,68,44
dc0b3001-544d-47e9-891f-4178971526a5,2,68,44
e52c3812-d3c0-462b-9fc5-72682ed5dda3,2,68,44
e8965a18-1171-457a-b96b-10689a55b9a3,2,68,44
ed0a5e57-60e6-4fec-84a6-d8acd6080468,2,68,44
ed0ab569-7171-4ca5-ad04-b9dd0ceb23cd,2,68,44
ed5d435b-b5e0-4f06-9c63-b597963e2733,2,68,44
ef0dd6b5-841f-42fe-b312-d9634fdcbb71,2,68,44
