courseId,selected_competencies,selected_labels,retrieved_competencies,retrieval_seconds,llm_seconds
041220d0-21c3-4f7b-8e27-ca87b810f2f0,"[""3062277b-4218-4f2b-8645-90ba3651fc52"", ""b64634ab-e0ca-42a8-a95d-b8670598488b"", ""fa3b0d3e-857f-4d3b-839d-3d06a726a986""]","[""Orientação"", ""Aprendizagem autorregulada"", ""Envolvimento ativo""]","[""74347817-89b5-47e7-9c5d-6c07c69690fa"", ""3062277b-4218-4f2b-8645-90ba3651fc52"", ""432c5350-bdb8-4e22-b7a4-0417e9cfa8f4"", ""84b2a6b0-c670-4a34-a04f-594a0b4c1d4a"", ""93a78bdb-6f5f-4a1a-a012-82eb8b9db4d8"", ""bf6ee8ab-b64b-48fb-ad5a-738548fc2302"", ""6461c25c-1491-4610-8ee0-2029d77fa61d"", ""fa3b0d3e-857f-4d3b-839d-3d06a726a986"", ""8f9fe3a9-ae88-46cc-a823-6a92c28243f2"", ""b64634ab-e0ca-42a8-a95d-b8670598488b""]",0.48119130000122823,5.347618599989801
04c73a54-de08-41bd-ae53-23f54a207fdf,"[""e6401337-5058-40be-b0d3-b28d487e43d3"", ""64680a3e-e14c-4702-8970-00f96284e671"", ""7da372c6-cd33-423c-b365-dff0fd5faa8f"", ""6815ce74-37f5-40d0-ac92-285d0c126ee9""]","[""Visão Sistêmica"", ""Orientações por valores éticos"", ""Orientação ao cidadão"", ""Promoção da Inclusão e Acessibilidade""]","[""6815ce74-37f5-40d0-ac92-285d0c126ee9"", ""161fd267-d68a-4f88-925c-8082f17fb8b2"", ""93a78bdb-6f5f-4a1a-a012-82eb8b9db4d8"", ""e6401337-5058-40be-b0d3-b28d487e43d3"", ""64680a3e-e14c-4702-8970-00f96284e671"", ""8f9fe3a9-ae88-46cc-a823-6a92c28243f2"", ""6a6c1fb3-6126-406e-80b1-fd587d3b5a25"", ""3062277b-4218-4f2b-8645-90ba3651fc52"", ""432c5350-bdb8-4e22-b7a4-0417e9cfa8f4"", ""7da372c6-cd33-423c-b365-dff0fd5faa8f""]",0.5938311999925645,5.123053300005267
0b90941f-f127-42d8-b68f-b0dd26bc3f4b,"[""161fd267-d68a-4f88-925c-8082f17fb8b2"", ""6815ce74-37f5-40d0-ac92-285d0c126ee9""]","[""Acessibilidade e inclusão - Docente"", ""Promoção da Inclusão e Acessibilidade""]","[""161fd267-d68a-4f88-925c-8082f17fb8b2"", ""6815ce74-37f5-40d0-ac92-285d0c126ee9"", ""3062277b-4218-4f2b-8645-90ba3651fc52"", ""fa3b0d3e-857f-4d3b-839d-3d06a726a986"", ""bb6db702-1fd8-40b5-abeb-e067768c5def"", ""84b2a6b0-c670-4a34-a04f-594a0b4c1d4a"", ""30db1816-b75d-4364-855e-f1d09b0b6016"", ""bf6ee8ab-b64b-48fb-ad5a-738548fc2302"", ""8f9fe3a9-ae88-46cc-a823-6a92c28243f2"", ""6461c25c-1491-4610-8ee0-2029d77fa61d""]",0.3937052999972366,3.2599384999921313
122a7dfa-0395-452d-b625-481221db8953,"[""64680a3e-e14c-4702-8970-00f96284e671"", ""6815ce74-37f5-40d0-ac92-285d0c126ee9"", ""161fd267-d68a-4f88-925c-8082f17fb8b2""]","[""Orientações por valores éticos"", ""Promoção da Inclusão e Acessibilidade"", ""Acessibilidade e inclusão - Docente""]","[""6815ce74-37f5-40d0-ac92-285d0c126ee9"", ""161fd267-d68a-4f88-925c-8082f17fb8b2"", ""30521bbb-e702-47d7-a287-b242cf5bf600"", ""64680a3e-e14c-4702-8970-00f96284e671"", ""8f9fe3a9-ae88-46cc-a823-6a92c28243f2"", ""bb6db702-1fd8-40b5-abeb-e067768c5def"", ""3062277b-4218-4f2b-8645-90ba3651fc52"", ""12052eae-22a2-44ce-a8ff-07f5b5a8f816"", ""30db1816-b75d-4364-855e-f1d09b0b6016"", ""432c5350-bdb8-4e22-b7a4-0417e9cfa8f4""]",0.31210309999005403,2.3622233000060078
17d726c1-89a4-4bd1-a163-7879ffbfe5e2,"[""3062277b-4218-4f2b-8645-90ba3651fc52"", ""fa3b0d3e-857f-4d3b-839d-3d06a726a986"", ""30521bbb-e702-47d7-a287-b242cf5bf600"", ""c6d771e2-d2a0-443d-b615-b0c813965e99"", ""6461c25c-1491-4610-8ee0-2029d77fa61d"", ""5a036b8e-1546-48ea-a616-2890f9904d4c"", ""b64634ab-e0ca-42a8-a95d-b8670598488b"", ""30db1816-b75d-4364-855e-f1d09b0b6016""]","[""Orientação"", ""Envolvimento ativo"", ""Estratégias de avaliação"", ""Feedback e planificação"", ""Comunicação e colaboração digital"", ""Aprendizagem colaborativa"", ""Aprendizagem autorregulada"", ""Prática reflexiva""]","[""3062277b-4218-4f2b-8645-90ba3651fc52"", ""fa3b0d3e-857f-4d3b-839d-3d06a726a986"", ""6461c25c-1491-4610-8ee0-2029d77fa61d"", ""30521bbb-e702-47d7-a287-b242cf5bf600"", ""5a036b8e-1546-48ea-a616-2890f9904d4c"", ""c6d771e2-d2a0-443d-b615-b0c813965e99"", ""8f9fe3a9-ae88-46cc-a823-6a92c28243f2"", ""2e82da93-1754-4c16-8932-4ecd7695c246"", ""30db1816-b75d-4364-855e-f1d09b0b6016"", ""b64634ab-e0ca-42a8-a95d-b8670598488b""]",0.7088580000126967,4.746459100002539
213b2948-99d4-4a0e-a90a-0fbab355afbd,"[""3418004f-90fd-4a64-bb7c-fab6c1f8f6cc"", ""0accb9d5-dbd1-483f-ab2a-ee0ca1c22de4"", ""74347817-89b5-47e7-9c5d-6c07c69690fa""]","[""Comunicação interpessoal"", ""Planejamento"", ""Desenvolvimento Profissional Contínuo (DPC) digital""]","[""74347817-89b5-47e7-9c5d-6c07c69690fa"", ""432c5350-bdb8-4e22-b7a4-0417e9cfa8f4"", ""3418004f-90fd-4a64-bb7c-fab6c1f8f6cc"", ""0accb9d5-dbd1-483f-ab2a-ee0ca1c22de4"", ""e6401337-5058-40be-b0d3-b28d487e43d3"", ""3062277b-4218-4f2b-8645-90ba3651fc52"", ""b8ff33cf-392b-4019-b275-85e6df87a2a9"", ""293f465f-d8b5-44f4-a285-5aa095625979"", ""d766e5b6-9c57-4a3a-92cb-4ff0687ad701"", ""bf6ee8ab-b64b-48fb-ad5a-738548fc2302""]",0.329297400006908,2.614973200004897
2798f54f-5b94-43af-84bf-854b76636ce7,"[""bb6db702-1fd8-40b5-abeb-e067768c5def"", ""8f9fe3a9-ae88-46cc-a823-6a92c28243f2"", ""93a78bdb-6f5f-4a1a-a012-82eb8b9db4d8""]","[""Seleção"", ""Criação de conteúdo digital"", ""Gestão, proteção e compartilhamento""]","[""8f9fe3a9-ae88-46cc-a823-6a92c28243f2"", ""93a78bdb-6f5f-4a1a-a012-82eb8b9db4d8"", ""84b2a6b0-c670-4a34-a04f-594a0b4c1d4a"", ""6461c25c-1491-4610-8ee0-2029d77fa61d"", ""74347817-89b5-47e7-9c5d-6c07c69690fa"", ""161fd267-d68a-4f88-925c-8082f17fb8b2"", ""30db1816-b75d-4364-855e-f1d09b0b6016"", ""3062277b-4218-4f2b-8645-90ba3651fc52"", ""bb6db702-1fd8-40b5-abeb-e067768c5def"", ""179ee2c7-90c8-4f00-8cc0-02f63a056062""]",0.34043700000620447,1.7460711000021547
2b779008-d071-486b-b671-f9d02c8eb664,"[""64680a3e-e14c-4702-8970-00f96284e671"", ""3418004f-90fd-4a64-bb7c-fab6c1f8f6cc""]","[""Orientações por valores éticos"", ""Comunicação interpessoal""]","[""64680a3e-e14c-4702-8970-00f96284e671"", ""c384e3a1-5506-4ceb-a72e-b3c73a105ae1"", ""3418004f-90fd-4a64-bb7c-fab6c1f8f6cc"", ""3062277b-4218-4f2b-8645-90ba3651fc52"", ""8f9fe3a9-ae88-46cc-a823-6a92c28243f2"", ""12052eae-22a2-44ce-a8ff-07f5b5a8f816"", ""b8ff33cf-392b-4019-b275-85e6df87a2a9"", ""6461c25c-1491-4610-8ee0-2029d77fa61d"", ""e6401337-5058-40be-b0d3-b28d487e43d3"", ""fa3b0d3e-857f-4d3b-839d-3d06a726a986""]",0.2974440000107279,1.6343992999900365
2bdd3815-1327-416d-a77e-84e974c71ba0,[],[],"[""8f9fe3a9-ae88-46cc-a823-6a92c28243f2"", ""3062277b-4218-4f2b-8645-90ba3651fc52"", ""93a78bdb-6f5f-4a1a-a012-82eb8b9db4d8"", ""c384e3a1-5506-4ceb-a72e-b3c73a105ae1"", ""74347817-89b5-47e7-9c5d-6c07c69690fa"", ""b8ff33cf-392b-4019-b275-85e6df87a2a9"", ""e6401337-5058-40be-b0d3-b28d487e43d3"", ""f3b6f7b4-9434-4fd4-a2af-5ce9bb4b2743"", ""b64634ab-e0ca-42a8-a95d-b8670598488b"", ""2e82da93-1754-4c16-8932-4ecd7695c246""]",0.28185700000904035,1.0886352000088664
30e99c16-86c2-4245-839e-8105f4c6d5be,"[""e4f31519-2fad-4fe8-b476-5da4715a16e9"", ""3062277b-4218-4f2b-8645-90ba3651fc52"", ""bb6db702-1fd8-40b5-abeb-e067768c5def"", ""6461c25c-1491-4610-8ee0-2029d77fa61d"", ""b64634ab-e0ca-42a8-a95d-b8670598488b"", ""161fd267-d68a-4f88-925c-8082f17fb8b2"", ""93a78bdb-6f5f-4a1a-a012-82eb8b9db4d8"", ""84b2a6b0-c670-4a34-a04f-594a0b4c1d4a""]","[""Ensino"", ""Orientação"", ""Seleção"", ""Comunicação e colaboração digital"", ""Aprendizagem autorregulada"", ""Acessibilidade e inclusão - Docente"", ""Gestão, proteção e compartilhamento"", ""Criação e modificação""]","[""3062277b-4218-4f2b-8645-90ba3651fc52"", ""84b2a6b0-c670-4a34-a04f-594a0b4c1d4a"", ""8f9fe3a9-ae88-46cc-a823-6a92c28243f2"", ""93a78bdb-6f5f-4a1a-a012-82eb8b9db4d8"", ""e4f31519-2fad-4fe8-b476-5da4715a16e9"", ""6461c25c-1491-4610-8ee0-2029d77fa61d"", ""161fd267-d68a-4f88-925c-8082f17fb8b2"", ""5a036b8e-1546-48ea-a616-2890f9904d4c"", ""bb6db702-1fd8-40b5-abeb-e067768c5def"", ""b64634ab-e0ca-42a8-a95d-b8670598488b""]",0.3551561999920523,4.409457999994629
31bca296-94c1-433e-9a5d-1b7521730a3e,"[""64680a3e-e14c-4702-8970-00f96284e671"", ""e6401337-5058-40be-b0d3-b28d487e43d3"", ""a3a55daf-faf9-41e2-81eb-613b8c94fad1"", ""7a8fc826-b1a6-4d1a-854d-9782c417ee0f"", ""3a910f03-4c71-4606-93cd-179056019b11"", ""b8ff33cf-392b-4019-b275-85e6df87a2a9"", ""6a6c1fb3-6126-406e-80b1-fd587d3b5a25""]","[""Orientações por valores éticos"", ""Visão Sistêmica"", ""Gerenciamento de políticas"", ""Gestão da qualidade"", ""Gerenciamento de recursos"", ""Relações institucionais"", ""Gerenciamento digital""]","[""e6401337-5058-40be-b0d3-b28d487e43d3"", ""93a78bdb-6f5f-4a1a-a012-82eb8b9db4d8"", ""64680a3e-e14c-4702-8970-00f96284e671"", ""a3a55daf-faf9-41e2-81eb-613b8c94fad1"", ""6a6c1fb3-6126-406e-80b1-fd587d3b5a25"", ""7a8fc826-b1a6-4d1a-854d-9782c417ee0f"", ""3a910f03-4c71-4606-93cd-179056019b11"", ""b8ff33cf-392b-4019-b275-85e6df87a2a9"", ""c384e3a1-5506-4ceb-a72e-b3c73a105ae1"", ""74347817-89b5-47e7-9c5d-6c07c69690fa""]",0.30912849999731407,3.592348700010916
35a7bb56-bcca-407b-a379-14661dc5f6eb,"[""432c5350-bdb8-4e22-b7a4-0417e9cfa8f4"", ""b64634ab-e0ca-42a8-a95d-b8670598488b"", ""74347817-89b5-47e7-9c5d-6c07c69690fa"", ""20e05dca-55d6-4609-ade9-a774c1362b62""]","[""Gestão do desenvolvimento de pessoas"", ""Aprendizagem autorregulada"", ""Desenvolvimento Profissional Contínuo (DPC) digital"", ""Mentalidade Digital""]","[""432c5350-bdb8-4e22-b7a4-0417e9cfa8f4"", ""5a036b8e-1546-48ea-a616-2890f9904d4c"", ""b64634ab-e0ca-42a8-a95d-b8670598488b"", ""74347817-89b5-47e7-9c5d-6c07c69690fa"", ""6461c25c-1491-4610-8ee0-2029d77fa61d"", ""3062277b-4218-4f2b-8645-90ba3651fc52"", ""8f9fe3a9-ae88-46cc-a823-6a92c28243f2"", ""c384e3a1-5506-4ceb-a72e-b3c73a105ae1"", ""bf6ee8ab-b64b-48fb-ad5a-738548fc2302"", ""20e05dca-55d6-4609-ade9-a774c1362b62""]",0.3887998999998672,2.0045676000008825
381ff4ec-2f94-48cc-889a-191066ef44df,"[""e4f31519-2fad-4fe8-b476-5da4715a16e9"", ""30521bbb-e702-47d7-a287-b242cf5bf600"", ""fa3b0d3e-857f-4d3b-839d-3d06a726a986"", ""5a036b8e-1546-48ea-a616-2890f9904d4c"", ""12052eae-22a2-44ce-a8ff-07f5b5a8f816"", ""b64634ab-e0ca-42a8-a95d-b8670598488b"", ""bb6db702-1fd8-40b5-abeb-e067768c5def""]","[""Ensino"", ""Estratégias de avaliação"", ""Envolvimento ativo"", ""Aprendizagem colaborativa"", ""Análise de evidências"", ""Aprendizagem autorregulada"", ""Seleção""]","[""30521bbb-e702-47d7-a287-b242cf5bf600"", ""e4f31519-2fad-4fe8-b476-5da4715a16e9"", ""fa3b0d3e-857f-4d3b-839d-3d06a726a986"", ""5a036b8e-1546-48ea-a616-2890f9904d4c"", ""12052eae-22a2-44ce-a8ff-07f5b5a8f816"", ""b64634ab-e0ca-42a8-a95d-b8670598488b"", ""c384e3a1-5506-4ceb-a72e-b3c73a105ae1"", ""bb6db702-1fd8-40b5-abeb-e067768c5def"", ""6461c25c-1491-4610-8ee0-2029d77fa61d"", ""3062277b-4218-4f2b-8645-90ba3651fc52""]",0.28931020000891294,3.211966599992593
3c8281fa-bc86-4f51-a8f7-992ed3f0191b,"[""f3b6f7b4-9434-4fd4-a2af-5ce9bb4b2743"", ""64680a3e-e14c-4702-8970-00f96284e671""]","[""Contribuição técnico-profissional"", ""Orientações por valores éticos""]","[""12052eae-22a2-44ce-a8ff-07f5b5a8f816"", ""7a8fc826-b1a6-4d1a-854d-9782c417ee0f"", ""74347817-89b5-47e7-9c5d-6c07c69690fa"", ""432c5350-bdb8-4e22-b7a4-0417e9cfa8f4"", ""4667ae96-35b0-435a-87f5-e21af9c1086d"", ""f3b6f7b4-9434-4fd4-a2af-5ce9bb4b2743"", ""64680a3e-e14c-4702-8970-00f96284e671"", ""6815ce74-37f5-40d0-ac92-285d0c126ee9"", ""b64634ab-e0ca-42a8-a95d-b8670598488b"", ""7da372c6-cd33-423c-b365-dff0fd5faa8f""]",0.31028320000041276,1.693486700009089
3d5912a0-5e80-43ac-9ab6-dbeef25b2bca,"[""74347817-89b5-47e7-9c5d-6c07c69690fa"", ""30db1816-b75d-4364-855e-f1d09b0b6016""]","[""Desenvolvimento Profissional Contínuo (DPC) digital"", ""Prática reflexiva""]","[""179ee2c7-90c8-4f00-8cc0-02f63a056062"", ""3062277b-4218-4f2b-8645-90ba3651fc52"", ""74347817-89b5-47e7-9c5d-6c07c69690fa"", ""30db1816-b75d-4364-855e-f1d09b0b6016"", ""bf6ee8ab-b64b-48fb-ad5a-738548fc2302"", ""fa3b0d3e-857f-4d3b-839d-3d06a726a986"", ""12052eae-22a2-44ce-a8ff-07f5b5a8f816"", ""e4f31519-2fad-4fe8-b476-5da4715a16e9"", ""161fd267-d68a-4f88-925c-8082f17fb8b2"", ""2e82da93-1754-4c16-8932-4ecd7695c246""]",0.3141772000089986,1.6471234999917215
3eb1b284-1dfa-40d4-8a59-dbe952f1065a,"[""4be87cc2-7a58-4885-8970-8f49249d43d5"", ""49c18cc9-d9c1-4c6c-a72b-a064e0e6e3eb"", ""4667ae96-35b0-435a-87f5-e21af9c1086d"", ""432c5350-bdb8-4e22-b7a4-0417e9cfa8f4""]","[""Inovação"", ""Foco nos resultados para os cidadãos"", ""Resolução de problemas com base em dados"", ""Gestão do desenvolvimento de pessoas""]","[""4be87cc2-7a58-4885-8970-8f49249d43d5"", ""8f9fe3a9-ae88-46cc-a823-6a92c28243f2"", ""6a6c1fb3-6126-406e-80b1-fd587d3b5a25"", ""84b2a6b0-c670-4a34-a04f-594a0b4c1d4a"", ""49c18cc9-d9c1-4c6c-a72b-a064e0e6e3eb"", ""74347817-89b5-47e7-9c5d-6c07c69690fa"", ""4667ae96-35b0-435a-87f5-e21af9c1086d"", ""cdbece75-961d-4176-b34b-66e1a530dcf2"", ""fa3b0d3e-857f-4d3b-839d-3d06a726a986"", ""432c5350-bdb8-4e22-b7a4-0417e9cfa8f4""]",0.3168452999962028,2.6214502999937395
3f0d0b48-be20-458e-a872-0365e23729df,"[""7a8fc826-b1a6-4d1a-854d-9782c417ee0f"", ""3a910f03-4c71-4606-93cd-179056019b11"", ""64680a3e-e14c-4702-8970-00f96284e671""]","[""Gestão da qualidade"", ""Gerenciamento de recursos"", ""Orientações por valores éticos""]","[""7a8fc826-b1a6-4d1a-854d-9782c417ee0f"", ""a3a55daf-faf9-41e2-81eb-613b8c94fad1"", ""6a6c1fb3-6126-406e-80b1-fd587d3b5a25"", ""6815ce74-37f5-40d0-ac92-285d0c126ee9"", ""3a910f03-4c71-4606-93cd-179056019b11"", ""93a78bdb-6f5f-4a1a-a012-82eb8b9db4d8"", ""64680a3e-e14c-4702-8970-00f96284e671"", ""e6401337-5058-40be-b0d3-b28d487e43d3"", ""7da372c6-cd33-423c-b365-dff0fd5faa8f"", ""e2b3c5ad-e0a6-4433-9ffd-ca78825a2e4d""]",0.29501790000358596,3.1867920999939088
404cc74a-9794-449a-ae9e-568f59cfe319,"[""6815ce74-37f5-40d0-ac92-285d0c126ee9"", ""161fd267-d68a-4f88-925c-8082f17fb8b2"", ""bf6ee8ab-b64b-48fb-ad5a-738548fc2302""]","[""Promoção da Inclusão e Acessibilidade"", ""Acessibilidade e inclusão - Docente"", ""Diferenciação e personalização""]","[""6815ce74-37f5-40d0-ac92-285d0c126ee9"", ""161fd267-d68a-4f88-925c-8082f17fb8b2"", ""e4f31519-2fad-4fe8-b476-5da4715a16e9"", ""84b2a6b0-c670-4a34-a04f-594a0b4c1d4a"", ""bf6ee8ab-b64b-48fb-ad5a-738548fc2302"", ""fa3b0d3e-857f-4d3b-839d-3d06a726a986"", ""bb6db702-1fd8-40b5-abeb-e067768c5def"", ""8f9fe3a9-ae88-46cc-a823-6a92c28243f2"", ""93a78bdb-6f5f-4a1a-a012-82eb8b9db4d8"", ""30521bbb-e702-47d7-a287-b242cf5bf600""]",0.4401127000019187,2.695133799992618
448b9e09-810f-4554-a083-dd98b608d161,"[""45d29970-ecb3-4e4a-b57b-4850c9b6d98f"", ""3418004f-90fd-4a64-bb7c-fab6c1f8f6cc"", ""1e52ca6e-ca19-4585-a66e-f6adc3013a74""]","[""Comunicação efetiva"", ""Comunicação interpessoal"", ""Comunicação""]","[""3418004f-90fd-4a64-bb7c-fab6c1f8f6cc"", ""c384e3a1-5506-4ceb-a72e-b3c73a105ae1"", ""45d29970-ecb3-4e4a-b57b-4850c9b6d98f"", ""8f9fe3a9-ae88-46cc-a823-6a92c28243f2"", ""1e52ca6e-ca19-4585-a66e-f6adc3013a74"", ""cdbece75-961d-4176-b34b-66e1a530dcf2"", ""6461c25c-1491-4610-8ee0-2029d77fa61d"", ""fa3b0d3e-857f-4d3b-839d-3d06a726a986"", ""b8ff33cf-392b-4019-b275-85e6df87a2a9"", ""b64634ab-e0ca-42a8-a95d-b8670598488b""]",0.34010299999499694,2.8198463000007905
45813b6c-302c-418f-b957-63fb62fd19b1,"[""8f9fe3a9-ae88-46cc-a823-6a92c28243f2"", ""84b2a6b0-c670-4a34-a04f-594a0b4c1d4a"", ""fa3b0d3e-857f-4d3b-839d-3d06a726a986""]","[""Criação de conteúdo digital"", ""Criação e modificação"", ""Envolvimento ativo""]","[""8f9fe3a9-ae88-46cc-a823-6a92c28243f2"", ""12052eae-22a2-44ce-a8ff-07f5b5a8f816"", ""30db1816-b75d-4364-855e-f1d09b0b6016"", ""84b2a6b0-c670-4a34-a04f-594a0b4c1d4a"", ""6461c25c-1491-4610-8ee0-2029d77fa61d"", ""3062277b-4218-4f2b-8645-90ba3651fc52"", ""fa3b0d3e-857f-4d3b-839d-3d06a726a986"", ""5a036b8e-1546-48ea-a616-2890f9904d4c"", ""2e82da93-1754-4c16-8932-4ecd7695c246"", ""b64634ab-e0ca-42a8-a95d-b8670598488b""]",0.3927359999943292,2.2757297000061953
4e49a1b4-a4e3-4041-8af0-d45d71ab4a16,"[""e6401337-5058-40be-b0d3-b28d487e43d3"", ""a3a55daf-faf9-41e2-81eb-613b8c94fad1"", ""64680a3e-e14c-4702-8970-00f96284e671""]","[""Visão Sistêmica"", ""Gerenciamento de políticas"", ""Orientações por valores éticos""]","[""6815ce74-37f5-40d0-ac92-285d0c126ee9"", ""e6401337-5058-40be-b0d3-b28d487e43d3"", ""93a78bdb-6f5f-4a1a-a012-82eb8b9db4d8"", ""64680a3e-e14c-4702-8970-00f96284e671"", ""a3a55daf-faf9-41e2-81eb-613b8c94fad1"", ""161fd267-d68a-4f88-925c-8082f17fb8b2"", ""8f9fe3a9-ae88-46cc-a823-6a92c28243f2"", ""3062277b-4218-4f2b-8645-90ba3651fc52"", ""c384e3a1-5506-4ceb-a72e-b3c73a105ae1"", ""293f465f-d8b5-44f4-a285-5aa095625979""]",0.3051110000087647,2.1674097000068286
59164481-d5f3-4b01-ac35-6244af7a1dd5,"[""30521bbb-e702-47d7-a287-b242cf5bf600"", ""12052eae-22a2-44ce-a8ff-07f5b5a8f816"", ""8f9fe3a9-ae88-46cc-a823-6a92c28243f2""]","[""Estratégias de avaliação"", ""Análise de evidências"", ""Criação de conteúdo digital""]","[""30521bbb-e702-47d7-a287-b242cf5bf600"", ""8f9fe3a9-ae88-46cc-a823-6a92c28243f2"", ""84b2a6b0-c670-4a34-a04f-594a0b4c1d4a"", ""6461c25c-1491-4610-8ee0-2029d77fa61d"", ""12052eae-22a2-44ce-a8ff-07f5b5a8f816"", ""c384e3a1-5506-4ceb-a72e-b3c73a105ae1"", ""2e82da93-1754-4c16-8932-4ecd7695c246"", ""bb6db702-1fd8-40b5-abeb-e067768c5def"", ""3062277b-4218-4f2b-8645-90ba3651fc52"", ""30db1816-b75d-4364-855e-f1d09b0b6016""]",0.3103591000108281,1.723553499992704
5f8da4bb-0f8f-4bc5-ada6-73fbfd6abd69,"[""4667ae96-35b0-435a-87f5-e21af9c1086d"", ""c384e3a1-5506-4ceb-a72e-b3c73a105ae1"", ""fa3b0d3e-857f-4d3b-839d-3d06a726a986"", ""30db1816-b75d-4364-855e-f1d09b0b6016""]","[""Resolução de problemas com base em dados"", ""Literacia da informação e das mídias"", ""Envolvimento ativo"", ""Prática reflexiva""]","[""3062277b-4218-4f2b-8645-90ba3651fc52"", ""e6401337-5058-40be-b0d3-b28d487e43d3"", ""30521bbb-e702-47d7-a287-b242cf5bf600"", ""4667ae96-35b0-435a-87f5-e21af9c1086d"", ""7a8fc826-b1a6-4d1a-854d-9782c417ee0f"", ""bb6db702-1fd8-40b5-abeb-e067768c5def"", ""c384e3a1-5506-4ceb-a72e-b3c73a105ae1"", ""fa3b0d3e-857f-4d3b-839d-3d06a726a986"", ""30db1816-b75d-4364-855e-f1d09b0b6016"", ""84b2a6b0-c670-4a34-a04f-594a0b4c1d4a""]",0.4461025999917183,2.0446902999974554
5fc8c184-6a77-4fab-a41f-75fc84430a16,"[""93a78bdb-6f5f-4a1a-a012-82eb8b9db4d8"", ""6461c25c-1491-4610-8ee0-2029d77fa61d"", ""5a036b8e-1546-48ea-a616-2890f9904d4c""]","[""Gestão, proteção e compartilhamento"", ""Comunicação e colaboração digital"", ""Aprendizagem colaborativa""]","[""93a78bdb-6f5f-4a1a-a012-82eb8b9db4d8"", ""8f9fe3a9-ae88-46cc-a823-6a92c28243f2"", ""c384e3a1-5506-4ceb-a72e-b3c73a105ae1"", ""6461c25c-1491-4610-8ee0-2029d77fa61d"", ""74347817-89b5-47e7-9c5d-6c07c69690fa"", ""161fd267-d68a-4f88-925c-8082f17fb8b2"", ""5a036b8e-1546-48ea-a616-2890f9904d4c"", ""2e82da93-1754-4c16-8932-4ecd7695c246"", ""3062277b-4218-4f2b-8645-90ba3651fc52"", ""fa3b0d3e-857f-4d3b-839d-3d06a726a986""]",0.3552959000080591,1.9734532000002218
61edb9c7-da93-40b2-9046-c0fcbdba07ec,"[""3418004f-90fd-4a64-bb7c-fab6c1f8f6cc"", ""1e52ca6e-ca19-4585-a66e-f6adc3013a74"", ""45d29970-ecb3-4e4a-b57b-4850c9b6d98f"", ""432c5350-bdb8-4e22-b7a4-0417e9cfa8f4"", ""1c596a8d-dff3-46ca-a684-8eb59b20800c""]","[""Comunicação interpessoal"", ""Comunicação"", ""Comunicação efetiva"", ""Gestão do desenvolvimento de pessoas"", ""Liderança eficaz""]","[""432c5350-bdb8-4e22-b7a4-0417e9cfa8f4"", ""1c596a8d-dff3-46ca-a684-8eb59b20800c"", ""3418004f-90fd-4a64-bb7c-fab6c1f8f6cc"", ""1e52ca6e-ca19-4585-a66e-f6adc3013a74"", ""45d29970-ecb3-4e4a-b57b-4850c9b6d98f"", ""20e05dca-55d6-4609-ade9-a774c1362b62"", ""d766e5b6-9c57-4a3a-92cb-4ff0687ad701"", ""c2ec6e9a-e945-4168-b151-408d1f929935"", ""ac12a129-92a7-44c1-bb06-6162eeb4d798"", ""b8ff33cf-392b-4019-b275-85e6df87a2a9""]",0.3101472999987891,2.604474699997809
623a2964-2c57-479c-8426-292ead41f75c,"[""8f9fe3a9-ae88-46cc-a823-6a92c28243f2"", ""84b2a6b0-c670-4a34-a04f-594a0b4c1d4a""]","[""Criação de conteúdo digital"", ""Criação e modificação""]","[""8f9fe3a9-ae88-46cc-a823-6a92c28243f2"", ""c384e3a1-5506-4ceb-a72e-b3c73a105ae1"", ""3062277b-4218-4f2b-8645-90ba3651fc52"", ""6461c25c-1491-4610-8ee0-2029d77fa61d"", ""161fd267-d68a-4f88-925c-8082f17fb8b2"", ""84b2a6b0-c670-4a34-a04f-594a0b4c1d4a"", ""b64634ab-e0ca-42a8-a95d-b8670598488b"", ""2e82da93-1754-4c16-8932-4ecd7695c246"", ""bf6ee8ab-b64b-48fb-ad5a-738548fc2302"", ""5a036b8e-1546-48ea-a616-2890f9904d4c""]",0.5041080999944825,1.980683500005398
62eded1f-3b43-4752-98a6-d5e37f7f1a05,"[""161fd267-d68a-4f88-925c-8082f17fb8b2"", ""6815ce74-37f5-40d0-ac92-285d0c126ee9"", ""3418004f-90fd-4a64-bb7c-fab6c1f8f6cc"", ""45d29970-ecb3-4e4a-b57b-4850c9b6d98f""]","[""Acessibilidade e inclusão - Docente"", ""Promoção da Inclusão e Acessibilidade"", ""Comunicação interpessoal"", ""Comunicação efetiva""]","[""161fd267-d68a-4f88-925c-8082f17fb8b2"", ""3418004f-90fd-4a64-bb7c-fab6c1f8f6cc"", ""45d29970-ecb3-4e4a-b57b-4850c9b6d98f"", ""6815ce74-37f5-40d0-ac92-285d0c126ee9"", ""8f9fe3a9-ae88-46cc-a823-6a92c28243f2"", ""6461c25c-1491-4610-8ee0-2029d77fa61d"", ""fa3b0d3e-857f-4d3b-839d-3d06a726a986"", ""3062277b-4218-4f2b-8645-90ba3651fc52"", ""84b2a6b0-c670-4a34-a04f-594a0b4c1d4a"", ""bb6db702-1fd8-40b5-abeb-e067768c5def""]",0.3110803000017768,1.9133614000020316
6389b451-c382-4f12-a190-c3528a179f0a,"[""fa3b0d3e-857f-4d3b-839d-3d06a726a986"", ""5a036b8e-1546-48ea-a616-2890f9904d4c"", ""6461c25c-1491-4610-8ee0-2029d77fa61d"", ""b64634ab-e0ca-42a8-a95d-b8670598488b"", ""3062277b-4218-4f2b-8645-90ba3651fc52"", ""30db1816-b75d-4364-855e-f1d09b0b6016""]","[""Envolvimento ativo"", ""Aprendizagem colaborativa"", ""Comunicação e colaboração digital"", ""Aprendizagem autorregulada"", ""Orientação"", ""Prática reflexiva""]","[""fa3b0d3e-857f-4d3b-839d-3d06a726a986"", ""3062277b-4218-4f2b-8645-90ba3651fc52"", ""30521bbb-e702-47d7-a287-b242cf5bf600"", ""5a036b8e-1546-48ea-a616-2890f9904d4c"", ""6461c25c-1491-4610-8ee0-2029d77fa61d"", ""30db1816-b75d-4364-855e-f1d09b0b6016"", ""12052eae-22a2-44ce-a8ff-07f5b5a8f816"", ""b64634ab-e0ca-42a8-a95d-b8670598488b"", ""8f9fe3a9-ae88-46cc-a823-6a92c28243f2"", ""2e82da93-1754-4c16-8932-4ecd7695c246""]",0.30925169998954516,2.816428600010113
63b91abe-e5d2-4b4c-82fb-4a945097d768,"[""e4f31519-2fad-4fe8-b476-5da4715a16e9"", ""fa3b0d3e-857f-4d3b-839d-3d06a726a986"", ""5a036b8e-1546-48ea-a616-2890f9904d4c"", ""6461c25c-1491-4610-8ee0-2029d77fa61d"", ""b64634ab-e0ca-42a8-a95d-b8670598488b""]","[""Ensino"", ""Envolvimento ativo"", ""Aprendizagem colaborativa"", ""Comunicação e colaboração digital"", ""Aprendizagem autorregulada""]","[""fa3b0d3e-857f-4d3b-839d-3d06a726a986"", ""30521bbb-e702-47d7-a287-b242cf5bf600"", ""3062277b-4218-4f2b-8645-90ba3651fc52"", ""5a036b8e-1546-48ea-a616-2890f9904d4c"", ""e4f31519-2fad-4fe8-b476-5da4715a16e9"", ""6461c25c-1491-4610-8ee0-2029d77fa61d"", ""b64634ab-e0ca-42a8-a95d-b8670598488b"", ""84b2a6b0-c670-4a34-a04f-594a0b4c1d4a"", ""161fd267-d68a-4f88-925c-8082f17fb8b2"", ""8f9fe3a9-ae88-46cc-a823-6a92c28243f2""]",0.3038207999925362,2.6584321999980602
66837461-c8b5-472e-865b-ee39d89f2c6c,"[""8f9fe3a9-ae88-46cc-a823-6a92c28243f2"", ""84b2a6b0-c670-4a34-a04f-594a0b4c1d4a"", ""2e82da93-1754-4c16-8932-4ecd7695c246""]","[""Criação de conteúdo digital"", ""Criação e modificação"", ""Resolução de problemas digitais""]","[""8f9fe3a9-ae88-46cc-a823-6a92c28243f2"", ""74347817-89b5-47e7-9c5d-6c07c69690fa"", ""161fd267-d68a-4f88-925c-8082f17fb8b2"", ""bf6ee8ab-b64b-48fb-ad5a-738548fc2302"", ""c384e3a1-5506-4ceb-a72e-b3c73a105ae1"", ""3062277b-4218-4f2b-8645-90ba3651fc52"", ""30521bbb-e702-47d7-a287-b242cf5bf600"", ""6461c25c-1491-4610-8ee0-2029d77fa61d"", ""2e82da93-1754-4c16-8932-4ecd7695c246"", ""84b2a6b0-c670-4a34-a04f-594a0b4c1d4a""]",0.31727349999709986,2.058006999999634
6cc365a6-c905-414c-8c2c-bb0fe5915e9f,"[""1c596a8d-dff3-46ca-a684-8eb59b20800c"", ""d766e5b6-9c57-4a3a-92cb-4ff0687ad701"", ""c769606e-9f97-4fab-b9c9-51eb99e3bd44"", ""ac12a129-92a7-44c1-bb06-6162eeb4d798""]","[""Liderança eficaz"", ""Gestão do trabalho em equipe"", ""Tomada de decisão para gestores"", ""Trabalho em equipe""]","[""1c596a8d-dff3-46ca-a684-8eb59b20800c"", ""d766e5b6-9c57-4a3a-92cb-4ff0687ad701"", ""a3a55daf-faf9-41e2-81eb-613b8c94fad1"", ""432c5350-bdb8-4e22-b7a4-0417e9cfa8f4"", ""c769606e-9f97-4fab-b9c9-51eb99e3bd44"", ""c2ec6e9a-e945-4168-b151-408d1f929935"", ""ac12a129-92a7-44c1-bb06-6162eeb4d798"", ""e2b3c5ad-e0a6-4433-9ffd-ca78825a2e4d"", ""e6401337-5058-40be-b0d3-b28d487e43d3"", ""1c04b88f-1be5-4ae0-b173-3a00c0f5b253""]",0.2919531000079587,2.1359258000011323
718b18ea-f89e-490d-a561-5d2ac2fe214c,"[""ac12a129-92a7-44c1-bb06-6162eeb4d798"", ""5a036b8e-1546-48ea-a616-2890f9904d4c"", ""d766e5b6-9c57-4a3a-92cb-4ff0687ad701""]","[""Trabalho em equipe"", ""Aprendizagem colaborativa"", ""Gestão do trabalho em equipe""]","[""5a036b8e-1546-48ea-a616-2890f9904d4c"", ""ac12a129-92a7-44c1-bb06-6162eeb4d798"", ""6461c25c-1491-4610-8ee0-2029d77fa61d"", ""fa3b0d3e-857f-4d3b-839d-3d06a726a986"", ""d766e5b6-9c57-4a3a-92cb-4ff0687ad701"", ""179ee2c7-90c8-4f00-8cc0-02f63a056062"", ""3062277b-4218-4f2b-8645-90ba3651fc52"", ""b64634ab-e0ca-42a8-a95d-b8670598488b"", ""30521bbb-e702-47d7-a287-b242cf5bf600"", ""c384e3a1-5506-4ceb-a72e-b3c73a105ae1""]",0.3395394999970449,1.715319000009913
776ce6c8-f1f8-4746-8068-b5e83263a2a9,"[""293f465f-d8b5-44f4-a285-5aa095625979"", ""3a910f03-4c71-4606-93cd-179056019b11"", ""0accb9d5-dbd1-483f-ab2a-ee0ca1c22de4""]","[""Organização da rotina"", ""Gerenciamento de recursos"", ""Planejamento""]","[""293f465f-d8b5-44f4-a285-5aa095625979"", ""3a910f03-4c71-4606-93cd-179056019b11"", ""64680a3e-e14c-4702-8970-00f96284e671"", ""7a8fc826-b1a6-4d1a-854d-9782c417ee0f"", ""e6401337-5058-40be-b0d3-b28d487e43d3"", ""f3b6f7b4-9434-4fd4-a2af-5ce9bb4b2743"", ""a3a55daf-faf9-41e2-81eb-613b8c94fad1"", ""b8ff33cf-392b-4019-b275-85e6df87a2a9"", ""3062277b-4218-4f2b-8645-90ba3651fc52"", ""0accb9d5-dbd1-483f-ab2a-ee0ca1c22de4""]",0.45812860000296496,2.2549880999868037
7bf5fd63-54ff-4453-b9e9-53708b00b5e3,"[""4be87cc2-7a58-4885-8970-8f49249d43d5"", ""30521bbb-e702-47d7-a287-b242cf5bf600"", ""3062277b-4218-4f2b-8645-90ba3651fc52""]","[""Inovação"", ""Estratégias de avaliação"", ""Orientação""]","[""4be87cc2-7a58-4885-8970-8f49249d43d5"", ""30521bbb-e702-47d7-a287-b242cf5bf600"", ""fa3b0d3e-857f-4d3b-839d-3d06a726a986"", ""3062277b-4218-4f2b-8645-90ba3651fc52"", ""6461c25c-1491-4610-8ee0-2029d77fa61d"", ""bf6ee8ab-b64b-48fb-ad5a-738548fc2302"", ""2e82da93-1754-4c16-8932-4ecd7695c246"", ""5a036b8e-1546-48ea-a616-2890f9904d4c"", ""8f9fe3a9-ae88-46cc-a823-6a92c28243f2"", ""84b2a6b0-c670-4a34-a04f-594a0b4c1d4a""]",0.29402099999424536,1.9561705999949481
7c30e726-c010-46c9-8215-6dd78f8b4780,"[""c384e3a1-5506-4ceb-a72e-b3c73a105ae1"", ""93a78bdb-6f5f-4a1a-a012-82eb8b9db4d8""]","[""Literacia da informação e das mídias"", ""Gestão, proteção e compartilhamento""]","[""6a6c1fb3-6126-406e-80b1-fd587d3b5a25"", ""93a78bdb-6f5f-4a1a-a012-82eb8b9db4d8"", ""a3a55daf-faf9-41e2-81eb-613b8c94fad1"", ""e6401337-5058-40be-b0d3-b28d487e43d3"", ""161fd267-d68a-4f88-925c-8082f17fb8b2"", ""74347817-89b5-47e7-9c5d-6c07c69690fa"", ""7a8fc826-b1a6-4d1a-854d-9782c417ee0f"", ""432c5350-bdb8-4e22-b7a4-0417e9cfa8f4"", ""8f9fe3a9-ae88-46cc-a823-6a92c28243f2"", ""c384e3a1-5506-4ceb-a72e-b3c73a105ae1""]",0.28958630000124685,1.7753630999941379
7f1d9fb4-1e9c-489a-86e9-ff1f653b942c,"[""fa3b0d3e-857f-4d3b-839d-3d06a726a986"", ""30db1816-b75d-4364-855e-f1d09b0b6016""]","[""Envolvimento ativo"", ""Prática reflexiva""]","[""c384e3a1-5506-4ceb-a72e-b3c73a105ae1"", ""bb6db702-1fd8-40b5-abeb-e067768c5def"", ""8f9fe3a9-ae88-46cc-a823-6a92c28243f2"", ""84b2a6b0-c670-4a34-a04f-594a0b4c1d4a"", ""30db1816-b75d-4364-855e-f1d09b0b6016"", ""fa3b0d3e-857f-4d3b-839d-3d06a726a986"", ""6461c25c-1491-4610-8ee0-2029d77fa61d"", ""161fd267-d68a-4f88-925c-8082f17fb8b2"", ""93a78bdb-6f5f-4a1a-a012-82eb8b9db4d8"", ""bf6ee8ab-b64b-48fb-ad5a-738548fc2302""]",0.2867112999956589,3.384165600000415
86d24df9-50a5-4c06-9430-a211b6bbf395,"[""1c596a8d-dff3-46ca-a684-8eb59b20800c"", ""4c081af1-b613-4465-b989-2a4b09d76e0e"", ""432c5350-bdb8-4e22-b7a4-0417e9cfa8f4"", ""d766e5b6-9c57-4a3a-92cb-4ff0687ad701"", ""e2b3c5ad-e0a6-4433-9ffd-ca78825a2e4d"", ""c2ec6e9a-e945-4168-b151-408d1f929935""]","[""Liderança eficaz"", ""Gestão para resultados"", ""Gestão do desenvolvimento de pessoas"", ""Gestão do trabalho em equipe"", ""Gerenciamento da mudança"", ""Visão estratégica""]","[""1c596a8d-dff3-46ca-a684-8eb59b20800c"", ""432c5350-bdb8-4e22-b7a4-0417e9cfa8f4"", ""4c081af1-b613-4465-b989-2a4b09d76e0e"", ""d766e5b6-9c57-4a3a-92cb-4ff0687ad701"", ""49c18cc9-d9c1-4c6c-a72b-a064e0e6e3eb"", ""e2b3c5ad-e0a6-4433-9ffd-ca78825a2e4d"", ""7a8fc826-b1a6-4d1a-854d-9782c417ee0f"", ""c2ec6e9a-e945-4168-b151-408d1f929935"", ""3062277b-4218-4f2b-8645-90ba3651fc52"", ""cdbece75-961d-4176-b34b-66e1a530dcf2""]",0.40207209999789484,3.18020190000243
87075b1b-9fd1-4a2f-8fcd-80988e10c30e,"[""0accb9d5-dbd1-483f-ab2a-ee0ca1c22de4"", ""e2b3c5ad-e0a6-4433-9ffd-ca78825a2e4d"", ""1c596a8d-dff3-46ca-a684-8eb59b20800c"", ""d766e5b6-9c57-4a3a-92cb-4ff0687ad701""]","[""Planejamento"", ""Gerenciamento da mudança"", ""Liderança eficaz"", ""Gestão do trabalho em equipe""]","[""432c5350-bdb8-4e22-b7a4-0417e9cfa8f4"", ""20e05dca-55d6-4609-ade9-a774c1362b62"", ""4667ae96-35b0-435a-87f5-e21af9c1086d"", ""e6401337-5058-40be-b0d3-b28d487e43d3"", ""0accb9d5-dbd1-483f-ab2a-ee0ca1c22de4"", ""fa3b0d3e-857f-4d3b-839d-3d06a726a986"", ""d766e5b6-9c57-4a3a-92cb-4ff0687ad701"", ""e2b3c5ad-e0a6-4433-9ffd-ca78825a2e4d"", ""3062277b-4218-4f2b-8645-90ba3651fc52"", ""1c596a8d-dff3-46ca-a684-8eb59b20800c""]",0.2991801000025589,2.5009089000086533
8ada9967-ea97-47e5-a7d0-94d51e865927,"[""fa3b0d3e-857f-4d3b-839d-3d06a726a986"", ""c384e3a1-5506-4ceb-a72e-b3c73a105ae1"", ""b64634ab-e0ca-42a8-a95d-b8670598488b"", ""e4f31519-2fad-4fe8-b476-5da4715a16e9""]","[""Envolvimento ativo"", ""Literacia da informação e das mídias"", ""Aprendizagem autorregulada"", ""Ensino""]","[""fa3b0d3e-857f-4d3b-839d-3d06a726a986"", ""b64634ab-e0ca-42a8-a95d-b8670598488b"", ""c384e3a1-5506-4ceb-a72e-b3c73a105ae1"", ""84b2a6b0-c670-4a34-a04f-594a0b4c1d4a"", ""8f9fe3a9-ae88-46cc-a823-6a92c28243f2"", ""2e82da93-1754-4c16-8932-4ecd7695c246"", ""6461c25c-1491-4610-8ee0-2029d77fa61d"", ""3062277b-4218-4f2b-8645-90ba3651fc52"", ""5a036b8e-1546-48ea-a616-2890f9904d4c"", ""e4f31519-2fad-4fe8-b476-5da4715a16e9""]",0.5228252000088105,2.1267123999859905
8bc1f503-d8bd-41e6-a30f-f621c57734db,"[""f3b6f7b4-9434-4fd4-a2af-5ce9bb4b2743""]","[""Contribuição técnico-profissional""]","[""74347817-89b5-47e7-9c5d-6c07c69690fa"", ""6461c25c-1491-4610-8ee0-2029d77fa61d"", ""8f9fe3a9-ae88-46cc-a823-6a92c28243f2"", ""5a036b8e-1546-48ea-a616-2890f9904d4c"", ""e4f31519-2fad-4fe8-b476-5da4715a16e9"", ""3062277b-4218-4f2b-8645-90ba3651fc52"", ""f3b6f7b4-9434-4fd4-a2af-5ce9bb4b2743"", ""fa3b0d3e-857f-4d3b-839d-3d06a726a986"", ""2e82da93-1754-4c16-8932-4ecd7695c246"", ""93a78bdb-6f5f-4a1a-a012-82eb8b9db4d8""]",0.30736109999998007,2.8731571000098484
8c9c4ffe-9f34-4111-ab38-14c77684abd8,"[""161fd267-d68a-4f88-925c-8082f17fb8b2"", ""6815ce74-37f5-40d0-ac92-285d0c126ee9"", ""8f9fe3a9-ae88-46cc-a823-6a92c28243f2""]","[""Acessibilidade e inclusão - Docente"", ""Promoção da Inclusão e Acessibilidade"", ""Criação de conteúdo digital""]","[""161fd267-d68a-4f88-925c-8082f17fb8b2"", ""3062277b-4218-4f2b-8645-90ba3651fc52"", ""bf6ee8ab-b64b-48fb-ad5a-738548fc2302"", ""8f9fe3a9-ae88-46cc-a823-6a92c28243f2"", ""6815ce74-37f5-40d0-ac92-285d0c126ee9"", ""6461c25c-1491-4610-8ee0-2029d77fa61d"", ""30521bbb-e702-47d7-a287-b242cf5bf600"", ""5a036b8e-1546-48ea-a616-2890f9904d4c"", ""fa3b0d3e-857f-4d3b-839d-3d06a726a986"", ""2e82da93-1754-4c16-8932-4ecd7695c246""]",0.29948120001063216,2.465149300012854
8e416395-db2d-42c3-843e-c0d0d819005e,"[""8f9fe3a9-ae88-46cc-a823-6a92c28243f2"", ""93a78bdb-6f5f-4a1a-a012-82eb8b9db4d8"", ""12052eae-22a2-44ce-a8ff-07f5b5a8f816"", ""30521bbb-e702-47d7-a287-b242cf5bf600"", ""bb6db702-1fd8-40b5-abeb-e067768c5def""]","[""Criação de conteúdo digital"", ""Gestão, proteção e compartilhamento"", ""Análise de evidências"", ""Estratégias de avaliação"", ""Seleção""]","[""8f9fe3a9-ae88-46cc-a823-6a92c28243f2"", ""93a78bdb-6f5f-4a1a-a012-82eb8b9db4d8"", ""84b2a6b0-c670-4a34-a04f-594a0b4c1d4a"", ""12052eae-22a2-44ce-a8ff-07f5b5a8f816"", ""5a036b8e-1546-48ea-a616-2890f9904d4c"", ""bb6db702-1fd8-40b5-abeb-e067768c5def"", ""b64634ab-e0ca-42a8-a95d-b8670598488b"", ""30db1816-b75d-4364-855e-f1d09b0b6016"", ""30521bbb-e702-47d7-a287-b242cf5bf600"", ""6461c25c-1491-4610-8ee0-2029d77fa61d""]",0.2984186000103364,3.1766413999866927
91b2f5e9-ecf2-4c61-9377-d29d37fb5e77,"[""fa3b0d3e-857f-4d3b-839d-3d06a726a986"", ""b64634ab-e0ca-42a8-a95d-b8670598488b"", ""30db1816-b75d-4364-855e-f1d09b0b6016""]","[""Envolvimento ativo"", ""Aprendizagem autorregulada"", ""Prática reflexiva""]","[""fa3b0d3e-857f-4d3b-839d-3d06a726a986"", ""b64634ab-e0ca-42a8-a95d-b8670598488b"", ""f3b6f7b4-9434-4fd4-a2af-5ce9bb4b2743"", ""3062277b-4218-4f2b-8645-90ba3651fc52"", ""432c5350-bdb8-4e22-b7a4-0417e9cfa8f4"", ""c2ec6e9a-e945-4168-b151-408d1f929935"", ""d766e5b6-9c57-4a3a-92cb-4ff0687ad701"", ""5a036b8e-1546-48ea-a616-2890f9904d4c"", ""8f9fe3a9-ae88-46cc-a823-6a92c28243f2"", ""30db1816-b75d-4364-855e-f1d09b0b6016""]",0.3334314999956405,2.10556959999667
97874356-f6ba-4a04-84b1-4675095ac2b1,"[""e4f31519-2fad-4fe8-b476-5da4715a16e9"", ""bb6db702-1fd8-40b5-abeb-e067768c5def"", ""30521bbb-e702-47d7-a287-b242cf5bf600"", ""8f9fe3a9-ae88-46cc-a823-6a92c28243f2"", ""84b2a6b0-c670-4a34-a04f-594a0b4c1d4a""]","[""Ensino"", ""Seleção"", ""Estratégias de avaliação"", ""Criação de conteúdo digital"", ""Criação e modificação""]","[""e4f31519-2fad-4fe8-b476-5da4715a16e9"", ""161fd267-d68a-4f88-925c-8082f17fb8b2"", ""c6d771e2-d2a0-443d-b615-b0c813965e99"", ""3062277b-4218-4f2b-8645-90ba3651fc52"", ""8f9fe3a9-ae88-46cc-a823-6a92c28243f2"", ""30521bbb-e702-47d7-a287-b242cf5bf600"", ""84b2a6b0-c670-4a34-a04f-594a0b4c1d4a"", ""bb6db702-1fd8-40b5-abeb-e067768c5def"", ""30db1816-b75d-4364-855e-f1d09b0b6016"", ""93a78bdb-6f5f-4a1a-a012-82eb8b9db4d8""]",0.31767869999748655,2.2769292000011774
982c03e0-126d-4911-b829-b3f0dbef9e30,"[""e4f31519-2fad-4fe8-b476-5da4715a16e9"", ""3062277b-4218-4f2b-8645-90ba3651fc52"", ""161fd267-d68a-4f88-925c-8082f17fb8b2"", ""6461c25c-1491-4610-8ee0-2029d77fa61d"", ""fa3b0d3e-857f-4d3b-839d-3d06a726a986"", ""b64634ab-e0ca-42a8-a95d-b8670598488b"", ""30521bbb-e702-47d7-a287-b242cf5bf600"", ""c6d771e2-d2a0-443d-b615-b0c813965e99"", ""74347817-89b5-47e7-9c5d-6c07c69690fa"", ""bf6ee8ab-b64b-48fb-ad5a-738548fc2302""]","[""Ensino"", ""Orientação"", ""Acessibilidade e inclusão - Docente"", ""Comunicação e colaboração digital"", ""Envolvimento ativo"", ""Aprendizagem autorregulada"", ""Estratégias de avaliação"", ""Feedback e planificação"", ""Desenvolvimento Profissional Contínuo (DPC) digital"", ""Diferenciação e personalização""]","[""3062277b-4218-4f2b-8645-90ba3651fc52"", ""161fd267-d68a-4f88-925c-8082f17fb8b2"", ""bf6ee8ab-b64b-48fb-ad5a-738548fc2302"", ""30521bbb-e702-47d7-a287-b242cf5bf600"", ""e4f31519-2fad-4fe8-b476-5da4715a16e9"", ""fa3b0d3e-857f-4d3b-839d-3d06a726a986"", ""b64634ab-e0ca-42a8-a95d-b8670598488b"", ""74347817-89b5-47e7-9c5d-6c07c69690fa"", ""c6d771e2-d2a0-443d-b615-b0c813965e99"", ""6461c25c-1491-4610-8ee0-2029d77fa61d""]",0.30413669999688864,4.769984400001704
99ff985d-2f38-4ce5-8c22-b08c3ed04f70,"[""64680a3e-e14c-4702-8970-00f96284e671"", ""a3a55daf-faf9-41e2-81eb-613b8c94fad1"", ""e6401337-5058-40be-b0d3-b28d487e43d3"", ""3a910f03-4c71-4606-93cd-179056019b11""]","[""Orientações por valores éticos"", ""Gerenciamento de políticas"", ""Visão Sistêmica"", ""Gerenciamento de recursos""]","[""64680a3e-e14c-4702-8970-00f96284e671"", ""e6401337-5058-40be-b0d3-b28d487e43d3"", ""6815ce74-37f5-40d0-ac92-285d0c126ee9"", ""7a8fc826-b1a6-4d1a-854d-9782c417ee0f"", ""93a78bdb-6f5f-4a1a-a012-82eb8b9db4d8"", ""a3a55daf-faf9-41e2-81eb-613b8c94fad1"", ""6a6c1fb3-6126-406e-80b1-fd587d3b5a25"", ""7da372c6-cd33-423c-b365-dff0fd5faa8f"", ""e2b3c5ad-e0a6-4433-9ffd-ca78825a2e4d"", ""3a910f03-4c71-4606-93cd-179056019b11""]",0.30088520000572316,1.9787189999915427
9ac4fcfa-cd22-4e1d-afc0-d7b75441bc71,"[""e4f31519-2fad-4fe8-b476-5da4715a16e9"", ""3062277b-4218-4f2b-8645-90ba3651fc52"", ""fa3b0d3e-857f-4d3b-839d-3d06a726a986"", ""5a036b8e-1546-48ea-a616-2890f9904d4c"", ""6461c25c-1491-4610-8ee0-2029d77fa61d"", ""8f9fe3a9-ae88-46cc-a823-6a92c28243f2"", ""93a78bdb-6f5f-4a1a-a012-82eb8b9db4d8""]","[""Ensino"", ""Orientação"", ""Envolvimento ativo"", ""Aprendizagem colaborativa"", ""Comunicação e colaboração digital"", ""Criação de conteúdo digital"", ""Gestão, proteção e compartilhamento""]","[""3062277b-4218-4f2b-8645-90ba3651fc52"", ""e4f31519-2fad-4fe8-b476-5da4715a16e9"", ""fa3b0d3e-857f-4d3b-839d-3d06a726a986"", ""8f9fe3a9-ae88-46cc-a823-6a92c28243f2"", ""6461c25c-1491-4610-8ee0-2029d77fa61d"", ""84b2a6b0-c670-4a34-a04f-594a0b4c1d4a"", ""5a036b8e-1546-48ea-a616-2890f9904d4c"", ""161fd267-d68a-4f88-925c-8082f17fb8b2"", ""c384e3a1-5506-4ceb-a72e-b3c73a105ae1"", ""93a78bdb-6f5f-4a1a-a012-82eb8b9db4d8""]",0.3001232999959029,2.563474499998847
9bd4ec79-1466-4ab9-a3e6-78c773610362,"[""1c596a8d-dff3-46ca-a684-8eb59b20800c"", ""d766e5b6-9c57-4a3a-92cb-4ff0687ad701"", ""432c5350-bdb8-4e22-b7a4-0417e9cfa8f4"", ""6461c25c-1491-4610-8ee0-2029d77fa61d"", ""e2b3c5ad-e0a6-4433-9ffd-ca78825a2e4d""]","[""Liderança eficaz"", ""Gestão do trabalho em equipe"", ""Gestão do desenvolvimento de pessoas"", ""Comunicação e colaboração digital"", ""Gerenciamento da mudança""]","[""1c596a8d-dff3-46ca-a684-8eb59b20800c"", ""d766e5b6-9c57-4a3a-92cb-4ff0687ad701"", ""432c5350-bdb8-4e22-b7a4-0417e9cfa8f4"", ""3062277b-4218-4f2b-8645-90ba3651fc52"", ""6461c25c-1491-4610-8ee0-2029d77fa61d"", ""e2b3c5ad-e0a6-4433-9ffd-ca78825a2e4d"", ""5a036b8e-1546-48ea-a616-2890f9904d4c"", ""e4f31519-2fad-4fe8-b476-5da4715a16e9"", ""74347817-89b5-47e7-9c5d-6c07c69690fa"", ""fa3b0d3e-857f-4d3b-839d-3d06a726a986""]",0.6870865999953821,2.2764078000036534
9d83791a-63fc-438c-8372-f530b844ec01,"[""6815ce74-37f5-40d0-ac92-285d0c126ee9"", ""161fd267-d68a-4f88-925c-8082f17fb8b2"", ""8f9fe3a9-ae88-46cc-a823-6a92c28243f2"", ""6461c25c-1491-4610-8ee0-2029d77fa61d""]","[""Promoção da Inclusão e Acessibilidade"", ""Acessibilidade e inclusão - Docente"", ""Criação de conteúdo digital"", ""Comunicação e colaboração digital""]","[""6815ce74-37f5-40d0-ac92-285d0c126ee9"", ""161fd267-d68a-4f88-925c-8082f17fb8b2"", ""c384e3a1-5506-4ceb-a72e-b3c73a105ae1"", ""8f9fe3a9-ae88-46cc-a823-6a92c28243f2"", ""6461c25c-1491-4610-8ee0-2029d77fa61d"", ""3062277b-4218-4f2b-8645-90ba3651fc52"", ""fa3b0d3e-857f-4d3b-839d-3d06a726a986"", ""30521bbb-e702-47d7-a287-b242cf5bf600"", ""84b2a6b0-c670-4a34-a04f-594a0b4c1d4a"", ""93a78bdb-6f5f-4a1a-a012-82eb8b9db4d8""]",0.5602823000081116,3.364841999995406
9dc365c4-5124-4870-97ac-9cb21f0dd7bc,"[""161fd267-d68a-4f88-925c-8082f17fb8b2"", ""6815ce74-37f5-40d0-ac92-285d0c126ee9"", ""e4f31519-2fad-4fe8-b476-5da4715a16e9"", ""30db1816-b75d-4364-855e-f1d09b0b6016""]","[""Acessibilidade e inclusão - Docente"", ""Promoção da Inclusão e Acessibilidade"", ""Ensino"", ""Prática reflexiva""]","[""161fd267-d68a-4f88-925c-8082f17fb8b2"", ""6815ce74-37f5-40d0-ac92-285d0c126ee9"", ""84b2a6b0-c670-4a34-a04f-594a0b4c1d4a"", ""fa3b0d3e-857f-4d3b-839d-3d06a726a986"", ""e4f31519-2fad-4fe8-b476-5da4715a16e9"", ""8f9fe3a9-ae88-46cc-a823-6a92c28243f2"", ""93a78bdb-6f5f-4a1a-a012-82eb8b9db4d8"", ""3062277b-4218-4f2b-8645-90ba3651fc52"", ""30db1816-b75d-4364-855e-f1d09b0b6016"", ""bb6db702-1fd8-40b5-abeb-e067768c5def""]",0.33285399999294896,3.0312589000095613
a4c52c12-d65b-4f2f-86c2-5c500590881a,"[""0accb9d5-dbd1-483f-ab2a-ee0ca1c22de4"", ""e4f31519-2fad-4fe8-b476-5da4715a16e9"", ""6461c25c-1491-4610-8ee0-2029d77fa61d"", ""432c5350-bdb8-4e22-b7a4-0417e9cfa8f4"", ""e6401337-5058-40be-b0d3-b28d487e43d3""]","[""Planejamento"", ""Ensino"", ""Comunicação e colaboração digital"", ""Gestão do desenvolvimento de pessoas"", ""Visão Sistêmica""]","[""e4f31519-2fad-4fe8-b476-5da4715a16e9"", ""93a78bdb-6f5f-4a1a-a012-82eb8b9db4d8"", ""432c5350-bdb8-4e22-b7a4-0417e9cfa8f4"", ""74347817-89b5-47e7-9c5d-6c07c69690fa"", ""84b2a6b0-c670-4a34-a04f-594a0b4c1d4a"", ""0accb9d5-dbd1-483f-ab2a-ee0ca1c22de4"", ""6461c25c-1491-4610-8ee0-2029d77fa61d"", ""e6401337-5058-40be-b0d3-b28d487e43d3"", ""3062277b-4218-4f2b-8645-90ba3651fc52"", ""6815ce74-37f5-40d0-ac92-285d0c126ee9""]",0.30712040000071283,2.274586300001829
b2b82214-1fce-4025-a063-95440556ee5f,"[""d766e5b6-9c57-4a3a-92cb-4ff0687ad701"", ""ac12a129-92a7-44c1-bb06-6162eeb4d798"", ""6461c25c-1491-4610-8ee0-2029d77fa61d"", ""5a036b8e-1546-48ea-a616-2890f9904d4c""]","[""Gestão do trabalho em equipe"", ""Trabalho em equipe"", ""Comunicação e colaboração digital"", ""Aprendizagem colaborativa""]","[""5a036b8e-1546-48ea-a616-2890f9904d4c"", ""fa3b0d3e-857f-4d3b-839d-3d06a726a986"", ""d766e5b6-9c57-4a3a-92cb-4ff0687ad701"", ""3062277b-4218-4f2b-8645-90ba3651fc52"", ""432c5350-bdb8-4e22-b7a4-0417e9cfa8f4"", ""6461c25c-1491-4610-8ee0-2029d77fa61d"", ""74347817-89b5-47e7-9c5d-6c07c69690fa"", ""179ee2c7-90c8-4f00-8cc0-02f63a056062"", ""ac12a129-92a7-44c1-bb06-6162eeb4d798"", ""e4f31519-2fad-4fe8-b476-5da4715a16e9""]",0.2988367000070866,1.9311899000022095
b9c4c180-2242-46b4-933a-8a3649347d09,"[""e4f31519-2fad-4fe8-b476-5da4715a16e9"", ""fa3b0d3e-857f-4d3b-839d-3d06a726a986"", ""179ee2c7-90c8-4f00-8cc0-02f63a056062""]","[""Ensino"", ""Envolvimento ativo"", ""Colaboração profissional""]","[""fa3b0d3e-857f-4d3b-839d-3d06a726a986"", ""bf6ee8ab-b64b-48fb-ad5a-738548fc2302"", ""3062277b-4218-4f2b-8645-90ba3651fc52"", ""e4f31519-2fad-4fe8-b476-5da4715a16e9"", ""c384e3a1-5506-4ceb-a72e-b3c73a105ae1"", ""161fd267-d68a-4f88-925c-8082f17fb8b2"", ""c6d771e2-d2a0-443d-b615-b0c813965e99"", ""179ee2c7-90c8-4f00-8cc0-02f63a056062"", ""5a036b8e-1546-48ea-a616-2890f9904d4c"", ""30521bbb-e702-47d7-a287-b242cf5bf600""]",0.2885764999955427,2.433264199993573
c288dda1-9912-4217-bd90-9d829d28b918,"[""161fd267-d68a-4f88-925c-8082f17fb8b2"", ""bf6ee8ab-b64b-48fb-ad5a-738548fc2302""]","[""Acessibilidade e inclusão - Docente"", ""Diferenciação e personalização""]","[""161fd267-d68a-4f88-925c-8082f17fb8b2"", ""4667ae96-35b0-435a-87f5-e21af9c1086d"", ""bf6ee8ab-b64b-48fb-ad5a-738548fc2302"", ""84b2a6b0-c670-4a34-a04f-594a0b4c1d4a"", ""74347817-89b5-47e7-9c5d-6c07c69690fa"", ""3062277b-4218-4f2b-8645-90ba3651fc52"", ""fa3b0d3e-857f-4d3b-839d-3d06a726a986"", ""12052eae-22a2-44ce-a8ff-07f5b5a8f816"", ""8f9fe3a9-ae88-46cc-a823-6a92c28243f2"", ""2e82da93-1754-4c16-8932-4ecd7695c246""]",0.3106134999979986,1.5326352999982191
cffb8f74-3682-434b-a304-9e3a40599b8d,"[""cdbece75-961d-4176-b34b-66e1a530dcf2"", ""8f9fe3a9-ae88-46cc-a823-6a92c28243f2"", ""b8ff33cf-392b-4019-b275-85e6df87a2a9""]","[""Comunicação institucional"", ""Criação de conteúdo digital"", ""Relações institucionais""]","[""b8ff33cf-392b-4019-b275-85e6df87a2a9"", ""cdbece75-961d-4176-b34b-66e1a530dcf2"", ""93a78bdb-6f5f-4a1a-a012-82eb8b9db4d8"", ""8f9fe3a9-ae88-46cc-a823-6a92c28243f2"", ""74347817-89b5-47e7-9c5d-6c07c69690fa"", ""e6401337-5058-40be-b0d3-b28d487e43d3"", ""6a6c1fb3-6126-406e-80b1-fd587d3b5a25"", ""c384e3a1-5506-4ceb-a72e-b3c73a105ae1"", ""6461c25c-1491-4610-8ee0-2029d77fa61d"", ""6815ce74-37f5-40d0-ac92-285d0c126ee9""]",0.3290477999980794,2.2204477000050247
d61825f8-0b3f-4a7d-9dc6-145b54c0c914,"[""6815ce74-37f5-40d0-ac92-285d0c126ee9"", ""161fd267-d68a-4f88-925c-8082f17fb8b2""]","[""Promoção da Inclusão e Acessibilidade"", ""Acessibilidade e inclusão - Docente""]","[""6815ce74-37f5-40d0-ac92-285d0c126ee9"", ""c384e3a1-5506-4ceb-a72e-b3c73a105ae1"", ""161fd267-d68a-4f88-925c-8082f17fb8b2"", ""6461c25c-1491-4610-8ee0-2029d77fa61d"", ""3062277b-4218-4f2b-8645-90ba3651fc52"", ""8f9fe3a9-ae88-46cc-a823-6a92c28243f2"", ""fa3b0d3e-857f-4d3b-839d-3d06a726a986"", ""30521bbb-e702-47d7-a287-b242cf5bf600"", ""bb6db702-1fd8-40b5-abeb-e067768c5def"", ""84b2a6b0-c670-4a34-a04f-594a0b4c1d4a""]",0.2955221000011079,1.5022934000007808
db6f49f2-3c0e-44fe-98c5-35c7a198f599,"[""e2b3c5ad-e0a6-4433-9ffd-ca78825a2e4d"", ""f3b6f7b4-9434-4fd4-a2af-5ce9bb4b2743""]","[""Gerenciamento da mudança"", ""Contribuição técnico-profissional""]","[""6815ce74-37f5-40d0-ac92-285d0c126ee9"", ""74347817-89b5-47e7-9c5d-6c07c69690fa"", ""f3b6f7b4-9434-4fd4-a2af-5ce9bb4b2743"", ""e2b3c5ad-e0a6-4433-9ffd-ca78825a2e4d"", ""432c5350-bdb8-4e22-b7a4-0417e9cfa8f4"", ""3062277b-4218-4f2b-8645-90ba3651fc52"", ""d766e5b6-9c57-4a3a-92cb-4ff0687ad701"", ""161fd267-d68a-4f88-925c-8082f17fb8b2"", ""45d29970-ecb3-4e4a-b57b-4850c9b6d98f"", ""30521bbb-e702-47d7-a287-b242cf5bf600""]",0.30537010000261944,1.733182099997066
e2aa2d95-2052-49a7-8fa5-deca6d8adbbe,"[""6a6c1fb3-6126-406e-80b1-fd587d3b5a25"", ""64680a3e-e14c-4702-8970-00f96284e671"", ""7da372c6-cd33-423c-b365-dff0fd5faa8f"", ""49c18cc9-d9c1-4c6c-a72b-a064e0e6e3eb"", ""e6401337-5058-40be-b0d3-b28d487e43d3""]","[""Gerenciamento digital"", ""Orientações por valores éticos"", ""Orientação ao cidadão"", ""Foco nos resultados para os cidadãos"", ""Visão Sistêmica""]","[""6a6c1fb3-6126-406e-80b1-fd587d3b5a25"", ""6815ce74-37f5-40d0-ac92-285d0c126ee9"", ""93a78bdb-6f5f-4a1a-a012-82eb8b9db4d8"", ""c384e3a1-5506-4ceb-a72e-b3c73a105ae1"", ""64680a3e-e14c-4702-8970-00f96284e671"", ""161fd267-d68a-4f88-925c-8082f17fb8b2"", ""7da372c6-cd33-423c-b365-dff0fd5faa8f"", ""8f9fe3a9-ae88-46cc-a823-6a92c28243f2"", ""e6401337-5058-40be-b0d3-b28d487e43d3"", ""49c18cc9-d9c1-4c6c-a72b-a064e0e6e3eb""]",0.3075276000017766,4.099559800000861
e7ec4673-b659-40c0-82e9-4c4f02e300bd,"[""2e82da93-1754-4c16-8932-4ecd7695c246""]","[""Resolução de problemas digitais""]","[""2e82da93-1754-4c16-8932-4ecd7695c246"", ""74347817-89b5-47e7-9c5d-6c07c69690fa"", ""3062277b-4218-4f2b-8645-90ba3651fc52"", ""c384e3a1-5506-4ceb-a72e-b3c73a105ae1"", ""6461c25c-1491-4610-8ee0-2029d77fa61d"", ""bf6ee8ab-b64b-48fb-ad5a-738548fc2302"", ""8f9fe3a9-ae88-46cc-a823-6a92c28243f2"", ""b64634ab-e0ca-42a8-a95d-b8670598488b"", ""161fd267-d68a-4f88-925c-8082f17fb8b2"", ""4667ae96-35b0-435a-87f5-e21af9c1086d""]",0.3346325999882538,1.34275150000758
ec4dfd93-77e1-4adc-b351-b840cb41d5d1,"[""64680a3e-e14c-4702-8970-00f96284e671""]","[""Orientações por valores éticos""]","[""64680a3e-e14c-4702-8970-00f96284e671"", ""7da372c6-cd33-423c-b365-dff0fd5faa8f"", ""432c5350-bdb8-4e22-b7a4-0417e9cfa8f4"", ""e6401337-5058-40be-b0d3-b28d487e43d3"", ""a3a55daf-faf9-41e2-81eb-613b8c94fad1"", ""b8ff33cf-392b-4019-b275-85e6df87a2a9"", ""49c18cc9-d9c1-4c6c-a72b-a064e0e6e3eb"", ""3062277b-4218-4f2b-8645-90ba3651fc52"", ""6a6c1fb3-6126-406e-80b1-fd587d3b5a25"", ""30db1816-b75d-4364-855e-f1d09b0b6016""]",0.29702179999731015,1.1519475000095554
f2fccc16-4452-4b14-8443-7e5d8277c30b,"[""f3b6f7b4-9434-4fd4-a2af-5ce9bb4b2743"", ""64680a3e-e14c-4702-8970-00f96284e671"", ""3a910f03-4c71-4606-93cd-179056019b11"", ""293f465f-d8b5-44f4-a285-5aa095625979""]","[""Contribuição técnico-profissional"", ""Orientações por valores éticos"", ""Gerenciamento de recursos"", ""Organização da rotina""]","[""7a8fc826-b1a6-4d1a-854d-9782c417ee0f"", ""e6401337-5058-40be-b0d3-b28d487e43d3"", ""64680a3e-e14c-4702-8970-00f96284e671"", ""3a910f03-4c71-4606-93cd-179056019b11"", ""293f465f-d8b5-44f4-a285-5aa095625979"", ""a3a55daf-faf9-41e2-81eb-613b8c94fad1"", ""f3b6f7b4-9434-4fd4-a2af-5ce9bb4b2743"", ""b8ff33cf-392b-4019-b275-85e6df87a2a9"", ""93a78bdb-6f5f-4a1a-a012-82eb8b9db4d8"", ""7da372c6-cd33-423c-b365-dff0fd5faa8f""]",0.3147085000091465,2.4427659999928437
f34e5f6b-7678-4047-b666-d484c91bfa17,"[""30db1816-b75d-4364-855e-f1d09b0b6016""]","[""Prática reflexiva""]","[""30db1816-b75d-4364-855e-f1d09b0b6016"", ""b64634ab-e0ca-42a8-a95d-b8670598488b"", ""c6d771e2-d2a0-443d-b615-b0c813965e99"", ""fa3b0d3e-857f-4d3b-839d-3d06a726a986"", ""74347817-89b5-47e7-9c5d-6c07c69690fa"", ""e6401337-5058-40be-b0d3-b28d487e43d3"", ""84b2a6b0-c670-4a34-a04f-594a0b4c1d4a"", ""e4f31519-2fad-4fe8-b476-5da4715a16e9"", ""12052eae-22a2-44ce-a8ff-07f5b5a8f816"", ""3062277b-4218-4f2b-8645-90ba3651fc52""]",0.3098770000069635,2.865690899998299
f3689d06-0c9d-4b7a-b7a5-c34f87910c5f,"[""3a910f03-4c71-4606-93cd-179056019b11"", ""f3b6f7b4-9434-4fd4-a2af-5ce9bb4b2743""]","[""Gerenciamento de recursos"", ""Contribuição técnico-profissional""]","[""3a910f03-4c71-4606-93cd-179056019b11"", ""6a6c1fb3-6126-406e-80b1-fd587d3b5a25"", ""e6401337-5058-40be-b0d3-b28d487e43d3"", ""432c5350-bdb8-4e22-b7a4-0417e9cfa8f4"", ""293f465f-d8b5-44f4-a285-5aa095625979"", ""a3a55daf-faf9-41e2-81eb-613b8c94fad1"", ""0accb9d5-dbd1-483f-ab2a-ee0ca1c22de4"", ""93a78bdb-6f5f-4a1a-a012-82eb8b9db4d8"", ""7da372c6-cd33-423c-b365-dff0fd5faa8f"", ""f3b6f7b4-9434-4fd4-a2af-5ce9bb4b2743""]",0.3406994999968447,1.795219999999972
f6f592ed-74c0-4d0b-92f1-0edf1933cd5b,"[""fa3b0d3e-857f-4d3b-839d-3d06a726a986"", ""5a036b8e-1546-48ea-a616-2890f9904d4c"", ""6461c25c-1491-4610-8ee0-2029d77fa61d""]","[""Envolvimento ativo"", ""Aprendizagem colaborativa"", ""Comunicação e colaboração digital""]","[""c384e3a1-5506-4ceb-a72e-b3c73a105ae1"", ""84b2a6b0-c670-4a34-a04f-594a0b4c1d4a"", ""8f9fe3a9-ae88-46cc-a823-6a92c28243f2"", ""6461c25c-1491-4610-8ee0-2029d77fa61d"", ""fa3b0d3e-857f-4d3b-839d-3d06a726a986"", ""b64634ab-e0ca-42a8-a95d-b8670598488b"", ""5a036b8e-1546-48ea-a616-2890f9904d4c"", ""30db1816-b75d-4364-855e-f1d09b0b6016"", ""93a78bdb-6f5f-4a1a-a012-82eb8b9db4d8"", ""2e82da93-1754-4c16-8932-4ecd7695c246""]",0.31714860000647604,2.037973400001647
fbf16a25-cf75-4dd5-a6a1-1e9b189d47d1,"[""161fd267-d68a-4f88-925c-8082f17fb8b2"", ""3062277b-4218-4f2b-8645-90ba3651fc52"", ""6461c25c-1491-4610-8ee0-2029d77fa61d"", ""cdbece75-961d-4176-b34b-66e1a530dcf2"", ""74347817-89b5-47e7-9c5d-6c07c69690fa""]","[""Acessibilidade e inclusão - Docente"", ""Orientação"", ""Comunicação e colaboração digital"", ""Comunicação institucional"", ""Desenvolvimento Profissional Contínuo (DPC) digital""]","[""161fd267-d68a-4f88-925c-8082f17fb8b2"", ""c384e3a1-5506-4ceb-a72e-b3c73a105ae1"", ""3062277b-4218-4f2b-8645-90ba3651fc52"", ""6461c25c-1491-4610-8ee0-2029d77fa61d"", ""8f9fe3a9-ae88-46cc-a823-6a92c28243f2"", ""93a78bdb-6f5f-4a1a-a012-82eb8b9db4d8"", ""84b2a6b0-c670-4a34-a04f-594a0b4c1d4a"", ""74347817-89b5-47e7-9c5d-6c07c69690fa"", ""cdbece75-961d-4176-b34b-66e1a530dcf2"", ""b64634ab-e0ca-42a8-a95d-b8670598488b""]",0.425087399999029,5.81936520000454
fc254073-a4cc-4866-9e19-01078ed2682c,"[""3418004f-90fd-4a64-bb7c-fab6c1f8f6cc"", ""b8ff33cf-392b-4019-b275-85e6df87a2a9""]","[""Comunicação interpessoal"", ""Relações institucionais""]","[""b8ff33cf-392b-4019-b275-85e6df87a2a9"", ""3062277b-4218-4f2b-8645-90ba3651fc52"", ""bf6ee8ab-b64b-48fb-ad5a-738548fc2302"", ""30db1816-b75d-4364-855e-f1d09b0b6016"", ""432c5350-bdb8-4e22-b7a4-0417e9cfa8f4"", ""fa3b0d3e-857f-4d3b-839d-3d06a726a986"", ""3418004f-90fd-4a64-bb7c-fab6c1f8f6cc"", ""e6401337-5058-40be-b0d3-b28d487e43d3"", ""74347817-89b5-47e7-9c5d-6c07c69690fa"", ""6461c25c-1491-4610-8ee0-2029d77fa61d""]",0.5281053000071552,1.9152980999933789
fcdaa1f1-2edc-4fed-8a74-e8571c70e034,"[""4667ae96-35b0-435a-87f5-e21af9c1086d"", ""2e82da93-1754-4c16-8932-4ecd7695c246"", ""20e05dca-55d6-4609-ade9-a774c1362b62""]","[""Resolução de problemas com base em dados"", ""Resolução de problemas digitais"", ""Mentalidade Digital""]","[""0accb9d5-dbd1-483f-ab2a-ee0ca1c22de4"", ""d766e5b6-9c57-4a3a-92cb-4ff0687ad701"", ""e4f31519-2fad-4fe8-b476-5da4715a16e9"", ""2e82da93-1754-4c16-8932-4ecd7695c246"", ""432c5350-bdb8-4e22-b7a4-0417e9cfa8f4"", ""293f465f-d8b5-44f4-a285-5aa095625979"", ""4667ae96-35b0-435a-87f5-e21af9c1086d"", ""20e05dca-55d6-4609-ade9-a774c1362b62"", ""c6d771e2-d2a0-443d-b615-b0c813965e99"", ""30521bbb-e702-47d7-a287-b242cf5bf600""]",0.27938920000451617,2.3142506000003777
fd87ec68-05e8-432a-8dc8-ad47ed2a4c43,"[""6a6c1fb3-6126-406e-80b1-fd587d3b5a25"", ""93a78bdb-6f5f-4a1a-a012-82eb8b9db4d8"", ""20e05dca-55d6-4609-ade9-a774c1362b62""]","[""Gerenciamento digital"", ""Gestão, proteção e compartilhamento"", ""Mentalidade Digital""]","[""6a6c1fb3-6126-406e-80b1-fd587d3b5a25"", ""e6401337-5058-40be-b0d3-b28d487e43d3"", ""93a78bdb-6f5f-4a1a-a012-82eb8b9db4d8"", ""7a8fc826-b1a6-4d1a-854d-9782c417ee0f"", ""7da372c6-cd33-423c-b365-dff0fd5faa8f"", ""161fd267-d68a-4f88-925c-8082f17fb8b2"", ""293f465f-d8b5-44f4-a285-5aa095625979"", ""e2b3c5ad-e0a6-4433-9ffd-ca78825a2e4d"", ""3a910f03-4c71-4606-93cd-179056019b11"", ""20e05dca-55d6-4609-ade9-a774c1362b62""]",0.32313829999475274,2.11168980000366
